salary,companySize,district,work_year,company_name,position_name,positionAdvantage
25k-50k,2000人以上,海淀区,3-5年,贝壳找房（北京）科技有限公司,Python开发工程师,"扁平管理,六险二金,免费三餐,弹性工作"
12k-20k,50-150人,朝阳区,1-3年,北京高域海汇科技有限公司,Python开发工程师,"核心业务,行业大牛,弹性作息,超多福利"
20k-30k,500-2000人,朝阳区,1-3年,北京蚂蜂窝网络科技有限公司,python开发工程师 (MJ000414),"免费早午饭,免费班车,年度旅游,六险一金"
12k-18k,50-150人,海淀区,1-3年,超对称（北京）科技有限公司,Python,有期权股权、好老板、带薪年假、五险一金
20k-35k,50-150人,海淀区,1-3年,北京启明合心科技有限公司,Python开发工程师,"大数据处理,自由度大,有挑战,公司午晚餐"
15k-25k,少于15人,海淀区,1-3年,颐邦（北京）医院管理有限公司,Python研发工程师,"团队优秀,技术强,薪酬高,福利好"
20k-40k,50-150人,海淀区,3-5年,爱笔（北京）智能科技有限公司,Python开发工程师,"初创公司,技术驱动"
18k-35k,500-2000人,朝阳区,1-3年,北京闪银奇异科技有限公司,Python开发工程师,"全五险一金,牛人多,发展快,福利好"
20k-40k,500-2000人,海淀区,1-3年,北京旷视科技有限公司,Python工程师,"技术驱动,极客氛围,大牛团队"
20k-40k,2000人以上,朝阳区,3-5年,上海蔚来汽车有限公司,python,"六险一金,弹性办公,租房补贴,学霸团队"
20k-40k,2000人以上,海淀区,1-3年,北京字节跳动科技有限公司,python开发工程师,六险一金，高薪期权，弹性工作，免费三餐
20k-40k,500-2000人,海淀区,5-10年,中寰卫星导航通信有限公司,python开发工程师,六险一金；免费体检；节日福利；免费班车
18k-20k,2000人以上,朝阳区,5-10年,绫致时装（天津）有限公司,Python 开发工程师,发展前景好
15k-30k,500-2000人,海淀区,1-3年,北京国双科技有限公司,Python研发工程师,年度旅游 节日福利 14薪 年度体检
17k-24k,150-500人,朝阳区,3-5年,北京基调网络股份有限公司,Python研发工程师,上市公司 带薪年假 地铁周边
25k-50k,2000人以上,海淀区,3-5年,贝壳找房（北京）科技有限公司,Python开发工程师,"扁平管理,六险二金,免费三餐,弹性工作"
12k-20k,50-150人,朝阳区,1-3年,北京高域海汇科技有限公司,Python开发工程师,"核心业务,行业大牛,弹性作息,超多福利"
20k-30k,500-2000人,朝阳区,1-3年,北京蚂蜂窝网络科技有限公司,python开发工程师 (MJ000414),"免费早午饭,免费班车,年度旅游,六险一金"
20k-35k,50-150人,海淀区,1-3年,北京启明合心科技有限公司,Python开发工程师,"大数据处理,自由度大,有挑战,公司午晚餐"
20k-40k,50-150人,海淀区,3-5年,爱笔（北京）智能科技有限公司,Python开发工程师,"初创公司,技术驱动"
15k-25k,少于15人,海淀区,1-3年,颐邦（北京）医院管理有限公司,Python研发工程师,"团队优秀,技术强,薪酬高,福利好"
18k-35k,500-2000人,朝阳区,1-3年,北京闪银奇异科技有限公司,Python开发工程师,"全五险一金,牛人多,发展快,福利好"
20k-40k,500-2000人,海淀区,1-3年,北京旷视科技有限公司,Python工程师,"技术驱动,极客氛围,大牛团队"
20k-40k,2000人以上,朝阳区,3-5年,上海蔚来汽车有限公司,python,"六险一金,弹性办公,租房补贴,学霸团队"
20k-40k,2000人以上,海淀区,1-3年,北京字节跳动科技有限公司,python开发工程师,六险一金，高薪期权，弹性工作，免费三餐
20k-40k,500-2000人,海淀区,5-10年,中寰卫星导航通信有限公司,python开发工程师,六险一金；免费体检；节日福利；免费班车
18k-20k,2000人以上,朝阳区,5-10年,绫致时装（天津）有限公司,Python 开发工程师,发展前景好
15k-30k,500-2000人,海淀区,1-3年,北京国双科技有限公司,Python研发工程师,年度旅游 节日福利 14薪 年度体检
12k-18k,50-150人,海淀区,1-3年,超对称（北京）科技有限公司,Python,有期权股权、好老板、带薪年假、五险一金
17k-24k,150-500人,朝阳区,3-5年,北京基调网络股份有限公司,Python研发工程师,上市公司 带薪年假 地铁周边
25k-50k,2000人以上,海淀区,3-5年,贝壳找房（北京）科技有限公司,Python开发工程师,"扁平管理,六险二金,免费三餐,弹性工作"
12k-20k,50-150人,朝阳区,1-3年,北京高域海汇科技有限公司,Python开发工程师,"核心业务,行业大牛,弹性作息,超多福利"
20k-30k,500-2000人,朝阳区,1-3年,北京蚂蜂窝网络科技有限公司,python开发工程师 (MJ000414),"免费早午饭,免费班车,年度旅游,六险一金"
20k-35k,50-150人,海淀区,1-3年,北京启明合心科技有限公司,Python开发工程师,"大数据处理,自由度大,有挑战,公司午晚餐"
15k-25k,少于15人,海淀区,1-3年,颐邦（北京）医院管理有限公司,Python研发工程师,"团队优秀,技术强,薪酬高,福利好"
20k-40k,50-150人,海淀区,3-5年,爱笔（北京）智能科技有限公司,Python开发工程师,"初创公司,技术驱动"
18k-35k,500-2000人,朝阳区,1-3年,北京闪银奇异科技有限公司,Python开发工程师,"全五险一金,牛人多,发展快,福利好"
20k-40k,500-2000人,海淀区,1-3年,北京旷视科技有限公司,Python工程师,"技术驱动,极客氛围,大牛团队"
20k-40k,2000人以上,朝阳区,3-5年,上海蔚来汽车有限公司,python,"六险一金,弹性办公,租房补贴,学霸团队"
20k-40k,2000人以上,海淀区,1-3年,北京字节跳动科技有限公司,python开发工程师,六险一金，高薪期权，弹性工作，免费三餐
20k-40k,500-2000人,海淀区,5-10年,中寰卫星导航通信有限公司,python开发工程师,六险一金；免费体检；节日福利；免费班车
18k-20k,2000人以上,朝阳区,5-10年,绫致时装（天津）有限公司,Python 开发工程师,发展前景好
15k-30k,500-2000人,海淀区,1-3年,北京国双科技有限公司,Python研发工程师,年度旅游 节日福利 14薪 年度体检
17k-24k,150-500人,朝阳区,3-5年,北京基调网络股份有限公司,Python研发工程师,上市公司 带薪年假 地铁周边
15k-30k,150-500人,海淀区,5-10年,慧影医疗科技（北京）有限公司,python工程师,"弹性工作,七险一金,十三薪"
12k-18k,50-150人,海淀区,1-3年,超对称（北京）科技有限公司,Python,有期权股权、好老板、带薪年假、五险一金
15k-30k,50-150人,海淀区,1-3年,北京智胜新格科技有限公司,Python开发,"六险一金,硅谷式办公,绩效奖金,按摩椅"
10k-20k,500-2000人,海淀区,1-3年,北京创新伙伴教育科技有限公司,python开发工程师,七险一金、大牛带队
15k-28k,2000人以上,海淀区,3-5年,轻易科技有限公司,Python开发工程师,"弹性工作制,扁平化管理,绩效奖金"
40k-50k,50-150人,朝阳区,5-10年,北京五八到家信息技术有限公司,python工程师,"平台大,氛围好,不打卡,下午茶"
20k-30k,150-500人,海淀区,5-10年,北京点石经纬科技有限公司,高级python工程师,"机会多多,平台好,领导好"
25k-35k,500-2000人,朝阳区,3-5年,掌阅科技股份有限公司,高级Python研发工程师,"扁平化管理,福利待遇佳,学习氛围好,晋升空间大"
20k-40k,15-50人,东城区,1-3年,北京智水互娱科技有限公司,Python开发工程师,"海外,高薪"
30k-40k,2000人以上,朝阳区,5-10年,国美金控投资有限公司,python研发工程师,"大平台,新项目,领导卓越"
25k-40k,2000人以上,海淀区,1-3年,北京字节跳动科技有限公司,Python开发工程师-变现业务,六险一金，弹性工作，免费三餐，租房补贴，带薪休假，休闲下午茶，扁平管理，健身瑜伽，过亿用户，职业大牛，晋升空间，团队氛围好，优厚薪资
20k-30k,15-50人,朝阳区,3-5年,北京汇游科技有限公司,中高级Python开发工程师,"五险一金,全勤奖,餐补,年终奖金"
20k-35k,15-50人,朝阳区,1-3年,北京天桐互动信息技术有限公司,高级Python工程师,"期权激励,扁平化管理,五险一金,年底双薪"
17k-27k,15-50人,海淀区,3-5年,北京云杉智达科技有限公司,技术总监（Python）,五险一金、晋升空间、绩效奖金
20k-40k,150-500人,朝阳区,3-5年,北京果壳互动科技传媒有限公司,高级Python开发工程师,"八险一金,免费三餐,不加班,弹性工作"
15k-30k,50-150人,朝阳区,1-3年,北京新工场投资顾问有限公司,高级python开发工程师,互联网金融 无天花板 六险一金 期权激励
15k-25k,500-2000人,朝阳区,3-5年,掌阅科技股份有限公司,Python研发工程师（中高级）,"管理扁平化,发展机会佳,薪资待遇好"
20k-40k,500-2000人,海淀区,3-5年,北京国双科技有限公司,资深Python研发工程师,"上市公司,六险一金,发挥空间,团队氛围"
15k-30k,50-150人,朝阳区,3-5年,北京自造星球科技有限公司,高级Python研发工程师,"区块链,高成长"
30k-60k,150-500人,朝阳区,3-5年,北京右划网络科技有限公司,高级python开发工程师,"短视频,大牛云集,工程师文化,一年15薪"
20k-30k,50-150人,海淀区,3-5年,北京源清慧虹信息科技有限公司,高级python研发工程师,"二次医疗,健身场所,福利补助"
15k-30k,150-500人,海淀区,3-5年,会找房（北京）网络技术有限公司,Python开发工程师(J10100),"五险一金,十四薪,弹性工作"
25k-50k,500-2000人,海淀区,3-5年,北京旷视科技有限公司,高级Python开发工程师,大牛多
14k-20k,15-50人,海淀区,1-3年,北京深海巨鲸信息科技有限公司,资深Python 工程师,"五险一金,员工福利,餐补,双休"
15k-25k,50-150人,朝阳区,5-10年,乐飞天下信息技术(北京)有限公司,中级python开发工程师,五险一金员工旅游年底奖金餐补
18k-36k,150-500人,海淀区,5-10年,达而观信息科技（上海）有限公司,Python高级开发工程师,"团队技术强,发展空间大,人工智能"
20k-40k,150-500人,朝阳区,3-5年,北京一览科技有限公司,python开发工程师,福利优厚
15k-25k,50-150人,朝阳区,3-5年,超对称（北京）科技有限公司,Python高级工程师,"好老板,五险一金,带薪年假"
25k-50k,500-2000人,海淀区,5-10年,中国电信股份有限公司云计算分公司,python开发工程师（资深）,云计算
25k-45k,50-150人,海淀区,3-5年,北京智分科技有限公司,高级Python开发工程师,"Geek范,清华系,福利待遇好,股票期权"
30k-60k,2000人以上,海淀区,3-5年,北京字节跳动科技有限公司,高级python工程师,六险一金，高薪期权，弹性工作，免费三餐，租房补贴，休闲下午茶，扁平管理，团队氛围好，优厚薪资
25k-35k,150-500人,朝阳区,5-10年,图玛深维医疗科技（北京）有限公司,高级python工程师,超长带薪年假 五险一金 地铁周边
20k-40k,2000人以上,海淀区,1-3年,北京字节跳动科技有限公司,高级python研发工程师,"六险一金,高薪期权,弹性工作,租房补贴"
12k-24k,500-2000人,朝阳区,应届毕业生,北京陌陌科技有限公司,Java/Python开发工程师（19届）,"每日下午茶,舒适的环境,可爱的伙伴"
30k-60k,15-50人,朝阳区,3-5年,上海福萝电子科技有限公司,"Python, nodejs，golang工程师","股权激励,成长空间,大牛团队,良好环境"
15k-25k,50-150人,海淀区,1-3年,深圳码隆科技有限公司,python工程师(北京),发展前景广阔
20k-40k,50-150人,朝阳区,3-5年,克鲁（北京）网络科技有限公司,Python后端开发工程师,"大牛云集,硅谷文化,免费三餐,租房补贴"
20k-40k,150-500人,朝阳区,5-10年,北京信链科技有限公司,python开发工程师,纯互联网企业，技术强悍，氛围超nice
12k-24k,150-500人,海淀区,1-3年,北京点石经纬科技有限公司,python服务开发工程师,"领导nic,大平台"
25k-40k,15-50人,海淀区,5-10年,北京聚道科技有限公司,Python后端工程师,"五险一金,免费午餐,团队融洽,技术超前"
20k-30k,15-50人,东城区,不限,北京智合大方科技有限公司,python后端开发工程师,福利待遇
25k-30k,15-50人,朝阳区,3-5年,北京智能优学科技有限公司,Python高级开发工程师,"五险一金,技术大牛,团队出游,部门聚餐"
15k-18k,500-2000人,朝阳区,5-10年,北京泛鹏天地科技股份有限公司,python高级工程师,云产品研发
20k-35k,50-150人,朝阳区,3-5年,北京乐途原动力科技发展有限公司,python 高级工程师,"十五薪,打车补贴,双月奖金"
20k-40k,50-150人,海淀区,3-5年,上海海知智能科技有限公司,Python开发工程师,"创新前沿,技术大牛,成长空间大,工作弹性"
15k-25k,15-50人,海淀区,1-3年,北京云杉智达科技有限公司,Python后端开发,提供住宿、五险一金、晋升空间
30k-50k,500-2000人,海淀区,1-3年,北京旷视科技有限公司,旷视研究院-高级python工程师,技术氛围浓厚 大牛带队 发展空间大
15k-25k,500-2000人,朝阳区,3-5年,维我软件（上海）有限公司北京分公司,Python软件工程师,20天带薪年假 核心产品研发
30k-50k,150-500人,海淀区,3-5年,上海杏和投资管理有限公司,python开发,15薪 超强团队
20k-30k,15-50人,朝阳区,3-5年,北京心知科技有限公司,Python后端开发工程师,商业前途 技术精英 良好环境 亲密有爱
20k-40k,500-2000人,海淀区,3-5年,北京金山云网络技术有限公司,云计算开发工程师（Python）,免费三餐 免费班车 下午茶
25k-50k,150-500人,海淀区,3-5年,北京汉迪移动互联网科技股份有限公司,高级Python工程师,"硅谷氛围,高手如云,零食水果,六险一金"
10k-15k,150-500人,海淀区,1-3年,会找房（北京）网络技术有限公司,数据开发工程师（python）(J10198),领导nice，发挥空间大，
20k-30k,150-500人,海淀区,3-5年,北京步鼎方舟科技有限公司,Python高级开发工程师,一日三餐、带薪年假、弹性工作、六险一金
20k-30k,500-2000人,朝阳区,1-3年,掌阅科技股份有限公司,Python研发工程师（数据）,"上市公司,丰富福利,数据驱动,免费旅游"
20k-30k,150-500人,东城区,3-5年,北京汇行科技有限公司,Python后端工程师-经理级,"七险一金,14薪,晋升空间,部门负责人"
20k-40k,2000人以上,海淀区,不限,北京小米科技有限责任公司,Python开发工程师,优秀的团队
20k-35k,50-150人,海淀区,3-5年,北京启明合心科技有限公司,高级python后端工程师,"领导好,不打卡,氛围好"
25k-45k,50-150人,朝阳区,3-5年,北京优全智汇信息技术有限公司,高级Python开发工程师,餐补，交通补助，五险一金等
15k-20k,2000人以上,朝阳区,5-10年,绫致时装（天津）有限公司,高级零售系统工程师 （Python工程师）,"大平台,新零售系统"
15k-30k,150-500人,海淀区,5-10年,北京首都在线科技股份有限公司,python研发工程师,"薪酬福利好,云计算公司"
25k-50k,500-2000人,海淀区,3-5年,北京旷视科技有限公司,Python后端开发工程师,大牛多，技术氛围好
25k-35k,500-2000人,朝阳区,5-10年,维我软件（上海）有限公司北京分公司,高级Python工程师,20天带薪年假 核心产品研发 股票
12k-24k,15-50人,海淀区,1-3年,北京云杉智达科技有限公司,Python后端,五险一金、晋升空间、绩效奖金
25k-50k,500-2000人,朝阳区,3-5年,上海一起作业信息科技有限公司,python高级开发工程师（技术）,"独角兽,待遇好,工作环境好"
15k-25k,500-2000人,朝阳区,3-5年,北京亿心宜行汽车技术开发服务有限公司,运维工程师-阿里云平台/Python编程,五险一金、补充医疗、高额餐补、高额奖金
25k-35k,150-500人,朝阳区,3-5年,北京向上一心科技有限公司,Python开发工程师,"六险一金,超多假期 正常双休"
16k-20k,150-500人,海淀区,3-5年,小小黛朵（北京）科技有限公司,python工程师,九险一金
20k-40k,150-500人,海淀区,3-5年,锐波（北京）科技有限公司,高级 Python 工程师,"区块链技术,国际化团队,技术大牛,发展前景好"
15k-25k,少于15人,朝阳区,3-5年,北京爱选信息科技有限公司,Python开发工程师,"金融科技类,公司氛围好"
15k-25k,150-500人,朝阳区,3-5年,北京车势科技有限公司,Python,领导nice
10k-20k,少于15人,朝阳区,1-3年,北京挖优狗科技有限公司,Python数据处理工程师,"清华团队,金融科技,成长空间大,技术先进"
25k-35k,150-500人,朝阳区,5-10年,东盛华达（武汉）企业管理咨询有限公司,python,"五险一金,股票期权,带薪年假,年终奖"
17k-25k,2000人以上,大兴区,3-5年,北京金风科创风电设备有限公司,python,朝九晚五，互联网+
20k-40k,2000人以上,朝阳区,3-5年,北京百乘金科科技有限公司,Python量化系统工程师,"五险一金,绩效奖金,餐补,带薪年假"
10k-18k,150-500人,海淀区,3-5年,北京步鼎方舟科技有限公司,Python开发工程师,"一日三餐,六险一金,14薪,定期团建"
25k-50k,500-2000人,海淀区,3-5年,北京旷视科技有限公司,Python后端工程师,大牛多
15k-25k,500-2000人,海淀区,3-5年,北京国双科技有限公司,高级Python研发工程师（DevOps经验优先）,"上市公司,大数据企业,年终奖金,带薪年假"
18k-30k,50-150人,朝阳区,3-5年,路书（北京）科技有限公司,python研发工程师,"期权分享,高颜值产品,年度旅游,弹性工作制"
10k-20k,50-150人,海淀区,1-3年,北京江民新科技术有限公司,Python web应用开发程序员,五险一金 节日福利 员工旅游 加班补助
25k-45k,2000人以上,朝阳区,3-5年,北京京东世纪贸易有限公司,Python高级工程师,弹性工作制
15k-30k,150-500人,海淀区,1-3年,北京汉迪移动互联网科技股份有限公司,Python开发工程师,"硅谷氛围,高手如云,零食水果"
20k-25k,50-150人,朝阳区,1-3年,北京小龙虾科技有限公司,python研发工程师,"扁平化管理,免费中午餐,下午茶零食,六险一金"
13k-25k,150-500人,海淀区,不限,北京凌云雀科技有限公司,Python,"前沿科技,靠谱团队,工程师文化,H1B计划"
15k-25k,2000人以上,朝阳区,5-10年,绫致时装（天津）有限公司,python开发工程师,大平台
25k-50k,50-150人,朝阳区,3-5年,北京音未文化传媒有限责任公司,python后端,产品类型大而少见。挑战性强。
15k-25k,2000人以上,海淀区,1-3年,联想（北京）有限公司,python开发工程师（）,带薪年假
20k-40k,150-500人,海淀区,3-5年,混沌时代（北京）教育科技有限公司,python后台工程师,"弹性工作,六险一金,学习氛围,绩效奖金"
15k-25k,2000人以上,海淀区,3-5年,北京车之家信息技术有限公司,Python开发工程师,平台好，发展空间大
20k-40k,500-2000人,朝阳区,3-5年,上海淇毓信息科技有限公司,服务端Python工程师-北京,优秀团队 优秀项目
20k-40k,少于15人,海淀区,3-5年,进化时代科技（北京）有限责任公司,高级Python开发工程师,"牛津大牛,数据驱动,激励丰厚,七险一金"
25k-50k,500-2000人,海淀区,5-10年,北京旷视科技有限公司,python高级后端工程师,核心团队
10k-15k,2000人以上,海淀区,1-3年,联想（北京）有限公司,Python 开发,稳定
25k-40k,2000人以上,朝阳区,3-5年,便利蜂商贸有限公司,python工程师(J11548),五险一金
35k-45k,2000人以上,朝阳区,3-5年,北京三快在线科技有限公司,服务端高级开发工程师Golang/Python,"优厚待遇,技术导向"
18k-36k,500-2000人,海淀区,1-3年,北京智者天下科技有限公司,Python 开发工程师,"一日三餐,免费健身,弹性工时"
15k-30k,150-500人,海淀区,3-5年,会找房（北京）网络技术有限公司,高级Python开发（数据开发）(J10204),五险一金+14薪+弹性工作
20k-30k,500-2000人,海淀区,5-10年,银客未来科技（北京）有限公司,python开发工程师,"七险一金,绩效奖金"
25k-50k,500-2000人,朝阳区,3-5年,上海一起作业信息科技有限公司,python高级开发工程师（技术）,"独角兽,待遇好"
40k-60k,50-150人,朝阳区,3-5年,北京小龙虾科技有限公司,Python,"免费中晚餐,下午茶,六险一金,扁平化管理"
20k-40k,150-500人,海淀区,3-5年,北京春雨天下软件有限公司,Python,有挑战，自主加薪，技术氛围好
15k-30k,15-50人,朝阳区,3-5年,北京摩尔妈咪网络科技有限公司,高级python开发工程师,"大牛带队,注重成长,季度奖金,免费午餐"
18k-28k,150-500人,朝阳区,3-5年,赤子城网络技术（北京）有限公司,python开发,七险一金，绩效奖金
20k-26k,2000人以上,海淀区,应届毕业生,北京字节跳动科技有限公司,Python开发工程师（商业变现校招）,六险一金，高薪期权，弹性工作，免费三餐
15k-25k,500-2000人,朝阳区,1-3年,维我软件（上海）有限公司北京分公司,Python软件工程师,纽交所上市 美资 20天带薪年假 股票
10k-15k,2000人以上,海淀区,1-3年,上海微创软件股份有限公司北京分公司,python开发工程师,"六险一金,弹性上班,氛围好"
25k-50k,500-2000人,海淀区,3-5年,北京旷视科技有限公司,高级Python后端工程师,大牛多
18k-36k,500-2000人,海淀区,1-3年,北京智者天下科技有限公司,Python 开发工程师,"弹性工时,一日三餐"
16k-28k,50-150人,朝阳区,3-5年,北京国富如荷网络科技有限公司,Python工程师,C轮 全额六险一金、14薪
18k-36k,500-2000人,海淀区,不限,零氪信息技术（北京）有限公司,Python工程师,"15薪,六险一金,午晚餐补助,弹性不打卡"
18k-25k,50-150人,通州区,5-10年,北京中谷金科信息技术有限公司,高级python工程师,"晋升快,人工智能,量化开发,五险一金"
15k-17k,2000人以上,西城区,3-5年,深圳市金证科技股份有限公司,Python 开发工程师,"金融央企,五险一金"
15k-30k,50-150人,海淀区,1-3年,北京明日虫洞科技有限公司,Python,技术团队牛人多&nbsp;核心人员背景强&nbsp;福利好
25k-35k,500-2000人,朝阳区,3-5年,深圳市麦达数字股份有限公司,PYTHON研发工程师,"上市公司,五险一金,薪酬福利好,发展空间大"
25k-40k,50-150人,朝阳区,5-10年,路书（北京）科技有限公司,高级python研发工程师,"优秀团队,高颜值产品,年度旅游,扁平化管理"
20k-40k,150-500人,朝阳区,不限,北京向上一心科技有限公司,python开发工程师,"待遇优,加班少,临近地铁"
25k-40k,50-150人,朝阳区,3-5年,北京中科政汇科技有限公司,中高级python后端,风口赛道
15k-30k,500-2000人,朝阳区,3-5年,上海卓赞教育科技有限公司,数据平台开发工程师（Python方向）,公司发展迅速，有补充商业保险
30k-60k,2000人以上,海淀区,3-5年,人人贷商务顾问（北京）有限公司,Python开发高级工程师,"五险一金,节假日礼金,竞争力薪酬"
35k-50k,15-50人,朝阳区,5-10年,北京智能优学科技有限公司,python架构师,五险一金，高速成长，靠谱项目，绩效奖金
20k-40k,500-2000人,海淀区,3-5年,北京达佳互联信息技术有限公司,Python开发工程师,空间大、氛围好、大牛多、福利优
30k-45k,500-2000人,海淀区,5-10年,北京智者天下科技有限公司,资深Python开发,"三餐,健身房,mac"
20k-35k,150-500人,朝阳区,3-5年,北京向上一心科技有限公司,python开发工程师,面议
15k-30k,150-500人,海淀区,1-3年,北京汉迪移动互联网科技股份有限公司,python开发,"硅谷式办公,弹性工作,时令水果"
14k-25k,150-500人,朝阳区,3-5年,北京车势科技有限公司,python,五险一金 带薪年假 领导nice
25k-40k,150-500人,海淀区,3-5年,北京智融时代信息技术有限公司,高级Python开发工程师,"优秀团队,工场项目,六险一金,金融科技"
25k-40k,150-500人,朝阳区,1-3年,北京粉笔蓝天科技有限公司,Python开发工程师,"技术大牛多,福利待遇好"
10k-20k,150-500人,朝阳区,1-3年,北京雷石世纪科技有限公司,Python工程师,"补充医疗险,弹性工作制"
20k-30k,50-150人,朝阳区,3-5年,永杨安风（北京）科技有限公司,Python研发工程师,"海外APP,社/公全额,海外团建,工作居住证"
15k-25k,50-150人,海淀区,3-5年,北京棕榈创想科技有限公司,Python开发工程师,"14薪,技术新,大牛多,年度体检"
20k-30k,15-50人,海淀区,3-5年,北京蹭蹭蹭信息技术有限公司,python开发工程师,完善的管理制度，nice的福利待遇。
15k-25k,50-150人,朝阳区,3-5年,智线云科技（北京）有限公司,Python中级工程师,"六险一金,晋升空间大,超长年假,团队氛围好"
30k-45k,2000人以上,海淀区,3-5年,北京字节跳动科技有限公司,服务器端开发工程师（Python/Go）,六险一金，弹性工作，免费三餐，租房补贴
20k-40k,150-500人,朝阳区,5-10年,北京果壳互动科技传媒有限公司,后端技术经理（Python web）,"三餐,七险一金,海外游,核心团队"
18k-36k,50-150人,海淀区,3-5年,北京宏链科技有限公司,Python高级开发工程师,"团队技术强,发展空间大,人工智能"
17k-34k,150-500人,朝阳区,3-5年,北京币世界网络科技有限公司,python工程师,"地铁周边,零食水果,福利优厚,五险一金"
15k-30k,500-2000人,海淀区,3-5年,北京智者天下科技有限公司,Python开发工程师,薪资优厚、氛围宽松、每日三餐、六险一金
30k-40k,150-500人,海淀区,3-5年,北京微光果壳科技有限公司,【Python资深研发工程师】,Geek、六险一金、16薪、弹性工作
15k-25k,150-500人,朝阳区,3-5年,视觉（中国）文化发展股份有限公司北京分公司,python开发工程师,"上市公司,六险一金,带薪年假,绩效奖金"
15k-30k,150-500人,海淀区,3-5年,北京格灵深瞳信息技术有限公司,Python高级开发工程师&nbsp;,"扁平化管理,不定期团建"
10k-20k,50-150人,海淀区,1-3年,杭州编程少年教育科技有限公司,python编程老师（北京）,团队氛围好，福利待遇好，领导好
35k-55k,500-2000人,朝阳区,3-5年,炫一下（北京）科技有限公司,Python研发工程师,"硕士最好,不加班,18薪,有期权"
20k-35k,2000人以上,海淀区,3-5年,veritas.com,（高级）软件工程师-Python/Java,外企氛围，行业Leader，技术水平突出
15k-25k,50-150人,朝阳区,3-5年,智线云科技（北京）有限公司,Python 中级工程师,带薪年假+福利多+办公环境好+氛围自由开放
15k-30k,50-150人,朝阳区,1-3年,北京小龙虾科技有限公司,Python系统开发工程师,"六险一金,灵活工作制,技术分享,晋升渠道"
20k-40k,2000人以上,大兴区,5-10年,京东金融,高级Python开发工程师,"班车,餐补"
15k-30k,50-150人,朝阳区,1年以下,北京云英传奇技术有限公司,Python研发工程师,扁平管理 发展好
15k-30k,2000人以上,海淀区,1-3年,小船出海教育科技（北京）有限公司,python开发工程师,"行业领先者,深入业务,技术大牛"
20k-35k,150-500人,朝阳区,1-3年,北京向上一心科技有限公司,Python开发工程师,"六险一金,绩效奖金,发展空间大,股票期权"
10k-18k,500-2000人,海淀区,3-5年,北京南天软件有限公司,Python开发工程师,"五险一金,年终奖金,带薪年假,交补话补"
15k-25k,2000人以上,海淀区,3-5年,北京车之家信息技术有限公司,python工程师,"平台好,发展空间大"
20k-40k,500-2000人,海淀区,1-3年,北京智者天下科技有限公司,Python开发,"三餐,健身房,mac"
20k-35k,50-150人,朝阳区,不限,北京小龙虾科技有限公司,python工程师,"免费中晚餐,下午茶,六险一金,扁平化管理"
15k-30k,150-500人,朝阳区,1-3年,北京刷刷看网络科技有限公司,Python工程师,"地铁周边,移动社交,牛人大咖多,新兴行业"
20k-40k,50-150人,朝阳区,3-5年,永杨安风（北京）科技有限公司,python工程师,"六险一金,工作居住证,扁平管理"
18k-35k,150-500人,海淀区,3-5年,星辰天合（北京）数据科技有限公司,存储应用开发工程师-Java/GO/Python,"完善福利,人性化管理,扁平化管理"
18k-36k,150-500人,海淀区,不限,北京春雨天下软件有限公司,python,"弹性工作制,技术氛围好,感谢基金,精英团队"
15k-25k,150-500人,海淀区,3-5年,北京小度互娱科技有限公司,Python开发工程师,"团队优秀,福利优厚"
15k-25k,50-150人,通州区,3-5年,北京中谷金科信息技术有限公司,高级Python工程师,"互联网金融,大数据,量化开发,自主性强"
24k-33k,500-2000人,朝阳区,3-5年,飞维美地信息技术（北京）有限公司,资深Python开发工程师,"美资互联网,技术导向,英文环境,硅谷文化"
20k-40k,500-2000人,朝阳区,1-3年,一点网聚科技有限公司,Python开发工程师,"弹性工作,发展空间大,千万级用户,行业独"
16k-30k,50-150人,朝阳区,1-3年,北京云英传奇技术有限公司,python工程师,大牛带队 快速成长
35k-70k,2000人以上,海淀区,5-10年,北京世纪好未来教育科技有限公司,Python后端架构师,"上市公司,大牛团队,福利优厚,晋升空间大"
25k-30k,150-500人,海淀区,5-10年,小小黛朵（北京）科技有限公司,python高级工程师,"团队氛围好,高速发展,福利多多"
15k-30k,150-500人,朝阳区,1年以下,北京数美时代科技有限公司,python研发工程师,"飞速发展,技术氛围浓,待遇好,发展快"
18k-35k,500-2000人,朝阳区,3-5年,北京猎户星空科技有限公司,Python开发工程师,牛人云集，优质福利
15k-30k,150-500人,朝阳区,1年以下,北京数美时代科技有限公司,python研发工程师,"飞速发展,技术氛围浓,大牛担任导"
30k-35k,50-150人,朝阳区,3-5年,北京富博智勇科技有限公司,python,五险一金
25k-40k,500-2000人,海淀区,5-10年,竞技世界（北京）网络技术有限公司,服务器开发工程师（nodejs/java/python/go,大牛云集，固定调薪，国内外出游，领导好
20k-35k,500-2000人,海淀区,1-3年,北京智者天下科技有限公司,Python 3 开发 (MJ000552),"三餐,健身房,mac"
15k-25k,500-2000人,海淀区,不限,零氪信息技术（北京）有限公司,Python工程师（北京）,"大公司,氛围好,成长快,不打卡"
15k-25k,50-150人,海淀区,1-3年,北京下厨房科技有限公司,Python开发工程师,"带薪年假多,免费午餐,弹性工作制,工作氛围佳"
20k-35k,15-50人,朝阳区,5-10年,北京易越信息技术有限公司,Python高级开发工程师,发展潜力大，公司期权
20k-40k,50-150人,朝阳区,5-10年,北京云英传奇技术有限公司,Python研发工程师,"技术大咖,公司氛围好,项目奖金"
15k-25k,50-150人,朝阳区,3-5年,智线云科技（北京）有限公司,高级Python工程师,"带薪年假,福利多,办公环境好,团队氛围好"
20k-40k,500-2000人,朝阳区,3-5年,上海一起作业信息科技有限公司,python高级研发工程师（中学业务）,"绩效奖金,带薪年假,定期体检,年度旅游"
20k-40k,少于15人,海淀区,不限,北京瑞莱智慧科技有限公司,资深Python工程师,"大牛带队,扁平化管理,弹性工作,高日薪"
30k-50k,15-50人,朝阳区,3-5年,前信（上海）科技有限公司,python开发工程师,福利好 环境氛围好 老板好
22k-32k,150-500人,海淀区,3-5年,创新奇智（北京）科技有限公司,高级Python开发工程师,弹性工作不打卡-私人时间不加班-有钱任性
20k-30k,500-2000人,朝阳区,3-5年,小叶子（北京）科技有限公司,python,"免费午晚餐,五险一金,交补,年终奖"
25k-35k,150-500人,朝阳区,5-10年,北京七彩焕腾科技有限公司,高级python开发工程师,bat
15k-30k,150-500人,朝阳区,1-3年,北京数美时代科技有限公司,python研发工程师,"飞速发展,发展快,海量数据"
25k-35k,150-500人,朝阳区,5-10年,北京七彩焕腾科技有限公司,高级python开发工程师,bat
15k-30k,150-500人,海淀区,3-5年,北京慕华信息科技有限公司,中高级python工程师,"氛围好,技术大牛,福利好"
20k-25k,50-150人,石景山区,5-10年,北京神鹰城讯科技有限公司,python高级开发工程师,国企
20k-40k,2000人以上,大兴区,5-10年,京东金融,高级Python开发工程师,"班车,餐补"
20k-35k,50-150人,朝阳区,5-10年,乐飞天下信息技术(北京)有限公司,python高级研发工程师,"绩效奖金,员工旅游,带薪年假,股票期权"
20k-40k,50-150人,朝阳区,3-5年,北京超盟数据科技有限公司,Python开发工程师(应用方向）,六险一金，周末双休，弹性考勤，发展空间大
10k-15k,50-150人,海淀区,1-3年,北京安融汇达科技有限公司,python开发工程师,"五险一金,年度福利,年终奖励,法定假期"
15k-25k,150-500人,朝阳区,3-5年,北京墨迹风云科技股份有限公司,Python开发工程师,"5亿用户,六险一金"
30k-50k,50-150人,东城区,5-10年,唐山正信制冷设备维修有限公司,Python技术经理,弹性制
15k-30k,500-2000人,朝阳区,1-3年,北京陌陌科技有限公司,Python开发工程师（反Spam方向）,"技术氛围好,核心业务"
10k-20k,50-150人,海淀区,应届毕业生,北京多贝兄弟信息技术有限公司,python开发,"六险一金,免费午餐,不打卡,纯技术团队"
15k-30k,50-150人,海淀区,3-5年,昆仑智汇数据科技（北京）有限公司,软件开发工程师（Python）,行业大牛
6k-12k,15-50人,海淀区,不限,云孚科技（北京）有限公司,Python研发工程师,"大牛直接带,顶级挑战,高速成长"
15k-25k,15-50人,朝阳区,1-3年,颐月信息技术（北京）有限公司,python开发工程师,"技术挑战,发展空间,扁平化"
20k-40k,50-150人,朝阳区,3-5年,北京超盟数据科技有限公司,Python开发工程师(算法平台方向),人工智能，技术氛围浓，六险一金，周末双休
25k-33k,500-2000人,朝阳区,3-5年,飞维美地信息技术（北京）有限公司,资深Python开发,"美资互联网,技术导向,英文环境,硅谷文化"
15k-30k,500-2000人,朝阳区,不限,上海一起作业信息科技有限公司,Python高级研发工程师(技术),"绩效奖金,带薪年假"
15k-30k,150-500人,朝阳区,1-3年,宁波艾莫投资管理有限公司,python开发工程师,五险一金 免费午餐 下午茶
20k-40k,150-500人,朝阳区,1-3年,北京向上一心科技有限公司,python开发工程师,"加班少,福利好"
18k-36k,50-150人,海淀区,5-10年,北京奥鹏远程教育中心有限公司,python兼职讲师,"时间自由,分成丰厚,持续分成"
15k-25k,2000人以上,东城区,3-5年,信永中和会计师事务所（特殊普通合伙）,Python开发工程师,"环境好,不加班,大公司"
7k-10k,少于15人,海淀区,1-3年,三只肥猴（北京）信息技术有限公司,Python工程师,"前沿技术,团队融洽,带薪假期,上升空间大"
25k-40k,150-500人,朝阳区,3-5年,北京微光果壳科技有限公司,Python/Golang开发工程师,"Geek,16薪,海外旅游,六险一金"
25k-45k,150-500人,海淀区,3-5年,北京智融时代信息技术有限公司,高级Python开发工程师,"优秀团队,科技金融,六险一金,工作居住证"
12k-15k,150-500人,朝阳区,1-3年,乐荐信息科技（北京）有限公司,Python开发工程师,五险一金 交通便利 集团化管理
15k-25k,150-500人,朝阳区,1-3年,央视国际视频通讯有限公司,python开发工程师,"环境高大上,福利待遇好,机会多,平台大"
8k-11k,50-150人,海淀区,1-3年,神州网信技术有限公司,python开发工程师,五险一金 健身福利 补充医疗 带薪年假
10k-20k,50-150人,昌平区,1-3年,北京音悦荚科技有限责任公司,Python开发工程师,"弹性时间,公司氛围好,发展空间大,技术大牛"
9k-15k,少于15人,东城区,1-3年,北京奇点创世信息技术有限公司,Python,福利好，发展大
10k-20k,50-150人,昌平区,1-3年,北京音悦荚科技有限责任公司,Python开发工程师,"弹性工作,年终奖,期权,福利补助"
20k-30k,2000人以上,海淀区,3-5年,北京奇艺世纪科技有限公司,Python高级开发工程师,业界第一视频公司，待遇优厚，发展前景广阔
10k-20k,50-150人,海淀区,应届毕业生,生命奇点（北京）科技有限公司,大数据平台开发工程师 Java/Python,"发展空间大,项目前景好,团队氛围好,技术导向"
15k-25k,2000人以上,海淀区,1-3年,北京搜狐新媒体信息技术有限公司,狐友Python开发工程师,大平台、团队优秀、发展空间大
35k-60k,150-500人,海淀区,5-10年,北京汉迪移动互联网科技股份有限公司,Python架构师,"硅谷范办公,六险一金,水果零食,团队氛围佳"
18k-36k,500-2000人,海淀区,1-3年,北京智者天下科技有限公司,Python 开发工程师,健康三餐 免费健身游泳 大牛团队
10k-20k,50-150人,海淀区,应届毕业生,北京石云科技有限公司,Python,"蓝海市场,金融科技,大牛带队,奖金高"
10k-20k,50-150人,海淀区,应届毕业生,北京多贝兄弟信息技术有限公司,python开发,"六险一金,免费午餐,极客氛围,薪资高"
20k-30k,2000人以上,海淀区,3-5年,北京中公教育科技股份有限公司,Python讲师,"五险一金,补助"
10k-20k,150-500人,朝阳区,3-5年,图玛深维医疗科技（北京）有限公司,python工程师,超长带薪年假 五险一金 地铁周边
20k-40k,少于15人,朝阳区,3-5年,北京艾鹏承远科技有限公司,python开发工程师,发展前景好，福利待遇高
20k-40k,500-2000人,东城区,5-10年,捷众普惠国际融资租赁有限公司,Python运维开发工程师,五险一金、法定节假日、大平台、好前景
20k-35k,150-500人,海淀区,3-5年,北京合志可成科技有限公司,python,团队优秀，技术深耕
15k-30k,50-150人,朝阳区,3-5年,智线云科技（北京）有限公司,高级Java/PHP/Python工程师,"带薪年假,福利多,办公环境好,氛围自由"
20k-40k,150-500人,朝阳区,1-3年,宁波艾莫投资管理有限公司,python开发工程师,团队背景强大；优质项目；五险一金；
10k-20k,2000人以上,朝阳区,3-5年,深圳市金证科技股份有限公司,python开发,"上市公司,福利多多,项目大,五险一金"
18k-35k,500-2000人,朝阳区,不限,互动峰科技(北京)有限公司,Python工程师,"大公司,大平台,机会多,六险一金"
25k-30k,少于15人,朝阳区,3-5年,如禹投资（上海）有限公司,高级Python开发工程师,创业公司 A轮 技术团队一线互联网背景
22k-32k,50-150人,海淀区,3-5年,成都君健安健康咨询有限公司,python,弹性工作，不加班，股东实力雄厚
15k-25k,150-500人,朝阳区,3-5年,赤子城网络技术（北京）有限公司,python开发工程师,"七险一金,绩效奖金,发展空间,团队氛围"
15k-20k,50-150人,海淀区,3-5年,北京棣南新宇科技有限公司,Python高级开发工程师,"创造,实实在在,价值"
15k-30k,2000人以上,朝阳区,3-5年,北京奇安信科技有限公司,python开发工程师,"知名大厂,技术氛围浓,技术大牛多,成长快"
20k-40k,500-2000人,朝阳区,不限,北京陌陌科技有限公司,Python开发工程师（运维方向）,"完善的福利,团队精湛,技术挑战,上升空间大"
20k-40k,2000人以上,大兴区,1-3年,京东金融,Python开发工程师（算法方向）,班车；餐补
20k-40k,2000人以上,东城区,5-10年,紫梧桐（北京）资产管理有限公司,Python开发工程师,技术大牛团
25k-50k,150-500人,朝阳区,3-5年,北京思维造物信息科技有限公司,Python开发工程师,"大咖云集,技术氛围好"
15k-30k,50-150人,朝阳区,3-5年,北京第三石科技发展有限公司,Python开发工程师,"前沿技术,丰富下午茶,弹性工作,扁平管理"
9k-18k,2000人以上,海淀区,3-5年,北京通力互联技术服务有限公司,Python开发,"周末双休,团建活动"
10k-20k,150-500人,朝阳区,1-3年,辽宁途隆科技有限公司,Python开发工程师,"年底双薪,五险一金,带薪年假,弹性考勤"
12k-24k,150-500人,海淀区,1-3年,星辰天合（北京）数据科技有限公司,python开发工程师,潜力平台 牛咖云集 完善福利
20k-40k,500-2000人,朝阳区,3-5年,北京陌陌科技有限公司,Python高级/中级研发工程师,"完善的福利,团队精湛,技术挑战"
20k-25k,2000人以上,海淀区,3-5年,北京精奇创智科技有限公司,python,五险一金、带薪病假、13薪、饭补+通讯费
15k-30k,150-500人,海淀区,3-5年,创新奇智（北京）科技有限公司,python开发工程师,"免费零食,免费午餐,七险一金,不打卡"
10k-15k,15-50人,海淀区,不限,北京涵德投资管理有限公司,Python开发工程师,公司发展快
4k-8k,50-150人,海淀区,1年以下,北京乐信圣文科技有限责任公司,python开发实习,"免费三餐,年终奖,周末双休,六险一金"
20k-25k,2000人以上,海淀区,3-5年,北京八维研修学院,python讲师,"五险一金,餐补,房补,绩效奖"
12k-24k,50-150人,朝阳区,3-5年,北京磁力信科技有限公司,Python开发工程师,创新教育
25k-45k,150-500人,朝阳区,3-5年,北京完美创意科技有限公司,高级Python开发工程师,"弹性工时,出国游,扁平化团队,带薪年假"
10k-15k,2000人以上,朝阳区,3-5年,深圳市金证科技股份有限公司,python开发,"上市公司,项目大,福利多多,周末双休"
10k-20k,15-50人,朝阳区,1-3年,北京云端智度科技有限公司,Python研发工程师,五险一金 餐补 通讯补贴 弹性工作
15k-25k,15-50人,海淀区,3-5年,虎特信息科技（上海）有限公司,Python研发工程师/高级研发工程师,七险一金 扁平管理 发展空间大
14k-28k,15-50人,海淀区,1-3年,鲨鱼快游网络技术（北京）有限公司,python开发工程师,午餐补贴，年假福利，团建福利，零食福利
12k-24k,15-50人,海淀区,不限,深度好奇（北京）科技有限公司,Python工程师,"五险一金,快递晋升,扁平管理,年终奖"
18k-35k,2000人以上,大兴区,3-5年,北京金风科创风电设备有限公司,Python 开发工程师,"五险一金,节日福利,餐补,带薪年假"
10k-20k,150-500人,海淀区,1-3年,北京畅捷通支付技术有限公司,Python开发工程师,六险一金 绩效奖金
12k-24k,50-150人,,1-3年,北京聚微合智信息技术有限公司,Python,弹性工作制，领导好，有前景，有奖金
12k-20k,50-150人,朝阳区,不限,东吴（苏州）金融科技有限公司,python量化开发工程师,"高频策略,自研自用,接触策略,券商系"
15k-30k,50-150人,海淀区,1-3年,北京势在必行网络科技有限公司,python开发工程师,"年底双薪,午餐补助,休闲餐点,弹性工作"
15k-20k,15-50人,大兴区,5-10年,无锡信成网络科技有限公司,python开发工程师,"五险一金,周末双休,节日福利,员工旅游"
8k-15k,少于15人,朝阳区,1-3年,北京诺曼智云科技有限公司,python开发工程师,团队有活力、技术有挑战
10k-20k,15-50人,东城区,3-5年,北京云灵网络科技有限公司,Python开发工程师,"发展空间大,期权激励,最新前沿学习型团队"
25k-50k,150-500人,海淀区,不限,北京小川在线网络技术有限公司,高级后端开发工程师（Python方向）,技术驱动产品、技术氛围浓厚、高薪高股
15k-25k,15-50人,海淀区,3-5年,北京中科物安科技有限公司,python开发工程师,"发展空间大,五险一金,餐补,带薪年假"
30k-60k,150-500人,海淀区,5-10年,北京步鼎方舟科技有限公司,Python架构师,带薪年假、五险一金、一日三餐、定期体检
30k-40k,150-500人,朝阳区,5-10年,北京七彩焕腾科技有限公司,架构师（Python）,bat
15k-30k,150-500人,海淀区,1-3年,北京快乐茄信息技术有限公司,python开发工程师,"行业独角兽,团队大牛多,薪资福利好"
30k-45k,500-2000人,海淀区,5-10年,北京融联世纪信息技术有限公司,python研发架构师,"周末双休,节日福利,五险一金,股票期权"
15k-20k,15-50人,东城区,不限,奇点浩翰数据技术（北京）有限公司,Python开发工程师,"五险一金,绩效奖金,定期体检,员工旅游"
12k-15k,150-500人,海淀区,1-3年,北京云江科技有限公司,python开发,持续晋升，带薪年假，免费午晚餐，不打卡
20k-35k,150-500人,海淀区,3-5年,北京慕华信息科技有限公司,系统开发工程师（Python）,"五险一金,餐补,生日会,优秀团队"
8k-16k,50-150人,海淀区,1-3年,北京聚微合智信息技术有限公司,Python工程师,弹性工作制，领导好，有前景，有奖金
15k-30k,15-50人,西城区,3-5年,美景听听（北京）科技有限公司,Python高级开发工程师,"优秀团队,气氛活跃,扁平化管理"
14k-26k,2000人以上,朝阳区,3-5年,北京奇安信科技有限公司,python开发工程师,带薪年假 五险一金
10k-20k,150-500人,海淀区,3-5年,北京嘉楠捷思信息技术有限公司,python开发工程师,弹性
25k-40k,150-500人,海淀区,5-10年,北京慕华信息科技有限公司,Python工程师,"五险一金,交通补,免费早餐,定期体检"
9k-15k,15-50人,大兴区,1-3年,北京罗威亚科技有限公司,python攻城狮,"平台好,技术新,大牛带,团队棒"
5k-8k,150-500人,海淀区,应届毕业生,北京汉迪移动互联网科技股份有限公司,Python开发实习生,"有大牛,有美女,有零食,有健身"
6k-10k,15-50人,朝阳区,1年以下,福州必全网络科技有限公司,python程序员,五险一金；包住宿
3k-6k,15-50人,朝阳区,应届毕业生,北京摩尔妈咪网络科技有限公司,python开发实习生,"提供转正,实习证明,注重成长,免费 午餐"
27k-32k,500-2000人,朝阳区,3-5年,飞维美地信息技术（北京）有限公司,资深Java/Python/C#/PHP开发,"美资互联网,技术导向,英文环境,硅谷文化"
20k-40k,2000人以上,海淀区,1-3年,北京市商汤科技开发有限公司,算法开发工程师（Python）,"AI独角兽,公司前景好"
20k-35k,50-150人,海淀区,不限,北京启明合心科技有限公司,中级python开发工程师,"领导好,不打卡,午晚餐,年底双薪"
10k-15k,2000人以上,朝阳区,1-3年,便利蜂商贸有限公司,Python开发工程师(J11761),机会众多
2k-4k,150-500人,海淀区,应届毕业生,北京首都在线科技股份有限公司,python实习生（可转正）,平台好
20k-40k,150-500人,海淀区,3-5年,北京小年糕互联网技术有限公司,python后端开发工程师面试（转go）,"指数型增长,技术气氛好"
15k-25k,150-500人,海淀区,3-5年,北京慕华信息科技有限公司,Python工程师,来吧，与技术大牛过招吧！
9k-18k,50-150人,海淀区,1年以下,北京聚微合智信息技术有限公司,Java/Python,"新蓝海,牛人带队,发展空间大,扁平化管理"
10k-15k,15-50人,海淀区,不限,北京涵德投资管理有限公司,python开发工程师,公司发展快
20k-35k,50-150人,朝阳区,1-3年,北京刷刷看网络科技有限公司,python开发工程师,地铁周边全新项目牛人大咖多扁平化管理
10k-20k,500-2000人,海淀区,3-5年,北京闪送科技有限公司,Python/web开发工程师,"发展空间,福利优厚,带薪年假,弹性工作时"
15k-23k,500-2000人,海淀区,3-5年,北京长盛天成科技发展有限公司,python web开发工程师,团队优秀高效，福利体系完善，工作环境舒适
15k-30k,50-150人,海淀区,1-3年,北京石云科技有限公司,Python/Ruby,"金融科技,新蓝海,牛人带队,年底双薪"
20k-30k,500-2000人,朝阳区,3-5年,小叶子（北京）科技有限公司,Python开发工程师,"五险一金,交通补助,午晚餐"
20k-40k,500-2000人,海淀区,1-3年,深圳紫宸资本管理有限公司,Python,弹性工作制，工作氛围好。
8k-15k,50-150人,朝阳区,1-3年,乐飞天下信息技术(北京)有限公司,初级python开发工程师,五险一金员工旅游年底奖金餐补
20k-40k,50-150人,海淀区,1-3年,北京势在必行网络科技有限公司,Python server端工程师,"扁平化管理,午晚餐丰盛,团队氛围好"
16k-25k,50-150人,海淀区,1-3年,中科边缘智慧信息科技（苏州）有限公司,python,五险一金、每年体检、节日福利、年终奖等
15k-25k,150-500人,海淀区,1-3年,混沌时代（北京）教育科技有限公司,python后台工程师,"五险一金,补充医疗,定期体检,弹性工作"
20k-30k,500-2000人,海淀区,3-5年,百融金融信息服务股份有限公司,高级python开发工程师,六险一金
22k-32k,15-50人,海淀区,3-5年,虎特信息科技（上海）有限公司,Python架构师/高级研发工程师,七险一金 扁平管理 发展空间大
15k-25k,150-500人,海淀区,3-5年,北京慕华信息科技有限公司,Python开发工程师,股票期权，五险一金，交补餐补，零食水果
15k-30k,50-150人,昌平区,3-5年,北京音悦荚科技有限责任公司,python技术经理,"弹性工作,期权,奖金,加班福利"
18k-30k,2000人以上,朝阳区,5-10年,达内时代科技集团有限公司,Python讲师 (MJ001577),"五险一金,商业保险,股票期权"
12k-22k,500-2000人,朝阳区,3-5年,南京绛门信息科技股份有限公司,Python,"五险一金,带薪年假,定期体检,员工旅游"
12k-24k,15-50人,朝阳区,3-5年,溪流科技（北京）有限公司,Python开发工程师,"成长空间大,团队文化好,六险一金,周末双休"
20k-40k,150-500人,朝阳区,10年以上,北京车势科技有限公司,python架构师,五险一金、年底双薪、带薪年假
20k-30k,150-500人,朝阳区,3-5年,赤子城网络技术（北京）有限公司,中高级Python开发工程师（广告方向）,"七险一金,8天年假,团队氛围好,学习空间大"
20k-40k,500-2000人,朝阳区,3-5年,北京修齐治平科技有限公司,基础架构师-golang/C++/python,"六险一金,午餐补助,提供晚餐,每日下午茶"
20k-40k,150-500人,朝阳区,3-5年,柔持（北京）科技有限公司,Python开发工程师,"五险一金,pytho"
15k-30k,50-150人,朝阳区,3-5年,北京流体网络科技有限公司,Python开发工程师,双休 五险一金 季度奖金 年终奖金
25k-50k,15-50人,朝阳区,3-5年,非凡维格（北京）信息科技有限公司,Python高级工程师-服务器端,"国际产品,带薪年假,弹性工作,开放办公"
10k-16k,150-500人,朝阳区,1-3年,北京凯奇谷信息技术股份有限公司,服务器端开发工程师（Python）,牛人聚集 健身足疗按摩 餐补房补交通补
30k-50k,2000人以上,大兴区,5-10年,京东商城-技术研发体系-大数据部,Python,"行业前沿,部门直招,核心加班,核心团队"
20k-40k,150-500人,朝阳区,3-5年,北京诸葛找房信息技术有限公司,Python工程师,"六险一金,住房补贴,节日福利,一日三餐"
35k-45k,50-150人,朝阳区,5-10年,永杨安风（北京）科技有限公司,资深Python工程师,"移动互联网,绩效奖金,妹子多,国外团建"
15k-25k,150-500人,海淀区,3-5年,北京慕华信息科技有限公司,Python工程师,"五险一金,绩效奖金,免费早餐,交补餐补"
15k-16k,15-50人,石景山区,1-3年,北京市鑫海威信息中心,python开发工程师,平台高 前景好
10k-18k,50-150人,东城区,1-3年,北京万象新动移动科技有限公司,Python工程师（NLP方向）,上市公司、福利待遇佳、上升空间大
10k-20k,2000人以上,海淀区,1-3年,北京中公教育科技股份有限公司,Python高级讲师,"五险一金,绩效奖金,周末双休,免费午餐"
8k-16k,50-150人,海淀区,应届毕业生,北京石云科技有限公司,Java/Python,"弹性工作,领导好,奖金高,蓝海市场"
15k-30k,50-150人,昌平区,1-3年,北京音悦荚科技有限责任公司,Python高级开发,"弹性工作,期权,奖金,加班福利"
15k-25k,2000人以上,海淀区,3-5年,达内时代科技集团有限公司,Python高级开发工程师 (MJ003815),"股权激励,上市平台,发展空间,大平台"
25k-40k,50-150人,朝阳区,5-10年,北京第三石科技发展有限公司,高级Python开发工程师,"前沿技术,弹性工作,丰富下午茶"
25k-50k,2000人以上,朝阳区,3-5年,高德软件有限公司,python高级工程师/开发专家,发展空间大
15k-20k,15-50人,海淀区,3-5年,北京赛宁网安科技有限公司,中级Python开发工程师,"五险一金,带薪年假,周末双休,年底多薪"
15k-18k,2000人以上,朝阳区,3-5年,亚马逊（中国）投资有限公司,Kindle技术支持-Python,Kindle
22k-40k,2000人以上,海淀区,1-3年,北京字节跳动科技有限公司,python爬虫工程师,六险一金，弹性工作，免费三餐，租房补贴
5k-8k,15-50人,朝阳区,1-3年,福州必全网络科技有限公司,python程序员(2018应届毕业）,五险一金，提供宿舍，弹性工作时间
20k-40k,150-500人,海淀区,3-5年,创新奇智（北京）科技有限公司,高级python开发工程师,"发展空间大,优质团队"
20k-35k,2000人以上,海淀区,1-3年,微梦创科网络科技（中国）有限公司,04537-数据系统开发工程师(Python),大平台
15k-30k,2000人以上,海淀区,3-5年,达内时代科技集团有限公司,Python讲师 (MJ004002),"平台大,技术领先,发展空间大"
20k-30k,15-50人,朝阳区,3-5年,北京汇游科技有限公司,中高级Python爬虫工程师,"五险一金,餐补,全勤奖,年终奖金"
35k-70k,少于15人,海淀区,不限,杭州买吧信息科技有限公司,后端研发-python、c++、go、php,美股上市企业，福利待遇好，技术大牛
15k-30k,150-500人,朝阳区,1-3年,北京完美创意科技有限公司,Python后端开发工程师,"弹性时间,技术大牛,公司旅游,福利齐全"
28k-40k,15-50人,朝阳区,5-10年,中云网安科技（北京）有限公司,资深python研发工程师,"技术前沿,人工智能"
18k-30k,15-50人,朝阳区,5-10年,北京百乘传媒技术有限公司,高级Python工程师,工程师
20k-40k,150-500人,海淀区,3-5年,北京智融时代信息技术有限公司,python研发工程师（抓取平台开发方向）,六险一金、上升空间、弹性工作、优秀团队
15k-20k,15-50人,朝阳区,1-3年,创智未来教育科技（北京）有限公司,Django工程师,提升快，同事牛，气氛活跃
22k-35k,500-2000人,海淀区,不限,北京智者天下科技有限公司,Python平台开发工程师,"三餐,健身房,mac"
20k-40k,500-2000人,海淀区,3-5年,上海基分文化传播有限公司,Python爬虫工程师,"发展平台,空间大,氛围好,福利好"
4k-8k,少于15人,海淀区,应届毕业生,颐邦（北京）医院管理有限公司,python研发实习生,全清华团队，薪酬高，福利好
25k-35k,50-150人,海淀区,3-5年,北京朗势科技有限公司,高级Python工程师,"8天年假,五险一金,扁平化管理,年终奖"
10k-15k,少于15人,朝阳区,3-5年,北京猫起来科技有限公司,Python高级工程师,全程参与打造一家有趣务实不失理想的公司。
35K-70K,50-150人,朝阳区,5-10年,上海裕木信息科技有限公司,资深python工程师,"行业前景好,顶级团队,薪资高,产品业绩好"
25k-50k,2000人以上,朝阳区,3-5年,支付宝(杭州)信息技术有限公司,研发专家-Java/Python/C++/Go北京,"顶尖的团队,核心事业群,发展前景广"
20k-30k,500-2000人,朝阳区,3-5年,小叶子（北京）科技有限公司,高级Python,"五险一金,交通补助,午晚餐"
5k-10k,15-50人,大兴区,应届毕业生,北京罗威亚科技有限公司,Python【实习生】,高挑战，大舞台，大牛带，氛围好
10k-20k,50-150人,海淀区,1-3年,北京石云科技有限公司,Java/Python（中级）,金融科技，牛人带队，领导好，弹性工作
15k-30k,50-150人,海淀区,3-5年,北京墨云科技有限公司,Python后端开发工程师,"五险一金,弹性工作,餐补,带薪年假"
15k-20k,15-50人,海淀区,3-5年,数据地平线（广州）科技有限公司,Python后台开发工程师,五险一金、弹性工作
15k-25k,150-500人,朝阳区,3-5年,北京世相科技文化有限公司,大数据开发工程师【Python】,"大咖多,氛围好"
18k-30k,2000人以上,海淀区,3-5年,达内时代科技集团有限公司,Python讲师,"股票期权,上市公司,良好的成长,五险一金"
10k-20k,50-150人,朝阳区,3-5年,北京拓蛮信息科技有限公司,Python开发工程师/量化策略开发,六险一金 弹性办公
10k-14k,2000人以上,朝阳区,应届毕业生,乐视网信息技术（北京）股份有限公司,【2019校招】助理软件开发工程师（python),"午餐补助,交通 补助,通讯补助,补充医疗"
4k-8k,150-500人,朝阳区,不限,北京推想科技有限公司,python实习生 (MJ000225),"人工智能,快速成长,弹性工作,团队牛B"
15k-30k,15-50人,海淀区,5-10年,北京嗨动视觉科技有限公司,高级Python开发工程师,五险一金 员工体检 午餐补贴 住房补贴
15k-20k,15-50人,大兴区,5-10年,北京聚齐众兴网络科技有限公司,高级Python工程师,"五险一金,周末双休,节日福利,员工旅游"
8k-12k,500-2000人,朝阳区,1-3年,北京粉笔未来科技有限公司,python课程助教,地铁周边，发展空间大，福利待遇好
25k-45k,150-500人,海淀区,应届毕业生,上海上实业有限公司,python后端,"平台大,福利好"
3k-6k,2000人以上,海淀区,应届毕业生,百度时代网络技术(北京)有限公司,python开发工程师（20年毕业实习岗）,"大平台,技术氛围好,能转正"
4k-8k,50-150人,朝阳区,应届毕业生,北京第三石科技发展有限公司,Python开发工程师（校招）,新锐的全球化移动电商平台
5k-10k,500-2000人,海淀区,应届毕业生,北京大数据研究院,python工程师&nbsp;（实习生）,产学研结合，大牛带队
10k-18k,50-150人,海淀区,1-3年,深圳晶泰科技有限公司,Python后台开发,"工作居住证,五险一金,带薪年假,MIT大牛"
12k-24k,50-150人,朝阳区,1-3年,射雕（北京）科技有限公司,python高级工程师,五险一金
15k-30k,500-2000人,海淀区,3-5年,百融金融信息服务股份有限公司,高级python运维开发,"带薪年假,绩效奖金,年底双薪,补充医疗"
20k-30k,150-500人,昌平区,3-5年,北京优思安科技有限公司,Python高级讲师,"五险一金,餐补,周末双休,班车接送"
30k-50k,2000人以上,海淀区,5-10年,甘肃众达制冷设备工程有限公司,高级 Python 开发工程师,全球下载量最大的移动应用开发商之一
20k-30k,50-150人,海淀区,1-3年,北京希子教育科技有限公司,高级Python后端工程师,"氛围愉快,竞争力薪酬,弹性工作,快速成长"
12k-24k,50-150人,海淀区,3-5年,北京聚微合智信息技术有限公司,Java/Python（高级）,"新蓝海,牛人带队,发展空间大,扁平化管理"
26k-52k,500-2000人,海淀区,不限,零氪信息技术（北京）有限公司,高级python后端研发工程师,"15薪,六险一金,午晚餐补助,弹性不打卡"
20k-35k,15-50人,海淀区,3-5年,北京大数医达科技有限公司,大数据开发（Python）工程师,股票期权 年终奖
10k-15k,2000人以上,朝阳区,3-5年,京北方信息技术股份有限公司,python后端,扁平管理领导nice
15k-25k,150-500人,东城区,5-10年,联通大数据有限公司,Python高级运维开发工程师,"锻炼思维,偏平化管理,技能培训,地铁站旁"
18k-35k,2000人以上,海淀区,3-5年,北京八维研修学院,Python教学研发经理,"五险一金,带薪年假"
25k-50k,15-50人,朝阳区,不限,成都市止于至善文化传媒有限公司,高级Python后端工程师,14-16薪
18k-36k,150-500人,朝阳区,1-3年,上海倾听信息技术有限公司,Python 后端开发（北京）,发展前景优，工作氛围轻松
3k-4k,150-500人,海淀区,应届毕业生,北京小度互娱科技有限公司,Python开发实习生,团队优秀
30k-55k,500-2000人,海淀区,3-5年,北京融联世纪信息技术有限公司,Python研发负责人,六险一金、股票期权、带薪年假、发展平台
18k-30k,150-500人,朝阳区,3-5年,北京豆网科技有限公司,后端工程师（Python）,"五险一金,补充医疗"
10k-20k,150-500人,朝阳区,应届毕业生,宁波艾莫投资管理有限公司,python实习生,免费午餐 下午茶
3k-4k,15-50人,朝阳区,应届毕业生,福州必全网络科技有限公司,python程序员（实习生）,五险一金；包住宿
10k-20k,15-50人,海淀区,1-3年,指动科技（北京）有限公司,Python工程师(服务端),"弹性工作,补充医疗,项目奖,年终奖"
18k-30k,150-500人,昌平区,5-10年,上海清鹤科技股份有限公司,资深后台开发工程师（python/C/C++),"老板nic,扁平化,团队活跃,年底奖金"
7k-10k,2000人以上,海淀区,1-3年,北京中公教育科技股份有限公司,Python助理讲师,"五险一金,年底奖金"
15k-25k,15-50人,朝阳区,3-5年,景星网络科技（北京）有限公司,python高级开发工程师,下午茶、绩效奖金、旅游、生日会、五险一金
10k-20k,少于15人,海淀区,1-3年,北京江山如画网路科技有限责任公司,Python后端开发,"提供住宿,晋升空间,五险一金,技术大牛带"
10k-20k,2000人以上,海淀区,3-5年,北京八维研修学院,python讲师,五险一金，带薪年假
2k-4k,150-500人,海淀区,应届毕业生,创盛视联数码科技（北京）有限公司,Python实习生,福利好 空间大
10k-17k,50-150人,朝阳区,应届毕业生,北京量子金服网络科技有限公司,Python软件开发工程师（校招-北京）,六险一金 下午茶 团建
15k-30k,少于15人,海淀区,不限,北京深极智能科技有限公司,python开发（可转强化学习研究员）,"上升空间大,项目创新,团队气氛佳"
15k-25k,15-50人,西城区,1-3年,盛和（北京）资讯科技有限公司,Python算法工程师（初中级）,"高收入,热门领域,发展前景"
20k-30k,2000人以上,海淀区,3-5年,北京市海淀区八维计算机培训学校,Python项目经理,五险一金，寒假，房补，饭补，节日福利
20k-30k,150-500人,朝阳区,1-3年,柔持（北京）科技有限公司,Python后端开发工程师,"交通方便,弹性时间,不加班"
25k-50k,500-2000人,朝阳区,3-5年,亚马逊卓越有限公司,Python Developer,"硅谷文化,产品影响力,团队大牛"
3k-4k,500-2000人,朝阳区,不限,小叶子（北京）科技有限公司,python实习生,"午晚餐,交通补助,弹性工作制"
15k-20k,50-150人,海淀区,1-3年,北京棕榈创想科技有限公司,Python开发工程师（广告产品）,"技术新,高激励,试用期全薪"
15k-25k,150-500人,东城区,3-5年,联通大数据有限公司,Python运维开发工程师,"锻炼思维,能力提升,地铁站旁,扁平化管理"
4k-6k,500-2000人,朝阳区,1年以下,北京粉笔未来科技有限公司,python助教实习生,"一带一帮带,独角兽行业"
10k-15k,2000人以上,海淀区,应届毕业生,北京通力互联技术服务有限公司,后端Python开发,"大牛多,免费早晚餐,免费班车,领导好"
12k-24k,15-50人,通州区,3-5年,北京彩亿达网络科技有限公司,python少儿编程讲师,上升空间巨大
20k-30k,2000人以上,朝阳区,5-10年,北京奇安信科技有限公司,后端开发专家（Python）,"平台成熟,带薪年假,餐贴补助,五险一金"
15k-25k,150-500人,昌平区,3-5年,北京优思安科技有限公司,python中高级讲师,"五险一金,餐补,节日福利,免费班车"
20k-40k,15-50人,朝阳区,3-5年,北京星尘纪元智能科技有限公司,高级后端开发（python),期权
18k-35k,500-2000人,朝阳区,3-5年,北京猎户星空科技有限公司,Python研发工程师（机器学习方向）,前景无限，牛人云集，扁平管理
30k-50k,2000人以上,朝阳区,3-5年,奇虎360科技有限公司,Python高级服务端开发工程师,"扁平化,职位空间大,薪资福利优,团队氛围好"
20k-40k,500-2000人,海淀区,5-10年,北京创源微致软件有限公司,python后端开发工程师,"发展前景,丰厚年终奖,五险一金,良好氛围"
6k-8k,150-500人,朝阳区,1-3年,北京凯奇谷信息技术股份有限公司,游戏研发工程师 （Python）（初级）,给力的团队 领导好 弹性工作 免费吃喝
20k-25k,150-500人,朝阳区,5-10年,北京车势科技有限公司,技术经理（侧重python后端）,五险一金、年底双薪、带薪年假
12k-20k,少于15人,朝阳区,不限,北京数城未来科技有限公司,Python Web开发工程师,补充保险；有竞争力的待遇；
15k-20k,500-2000人,朝阳区,1-3年,北京粉笔未来科技有限公司,编程讲师（python系统班）,"发展空间大,福利待遇大,扁平化管理,年底旅行"
35k-44k,500-2000人,朝阳区,5-10年,飞维美地信息技术（北京）有限公司,Lead Python/Java Engineer,"美资互联网,技术导向,英文环境,硅谷文化"
30k-50k,500-2000人,昌平区,3-5年,北京晟程华科教育科技有限公司,Python讲师,"领导棒,发展空间大,年底分红,扁平管理"
3k-4k,少于15人,海淀区,应届毕业生,北京零点智能科技有限公司,Python实习生,"区块链行业,学习机会,量化交易"
10k-16k,50-150人,朝阳区,1年以下,北京量子金服网络科技有限公司,Python数据开发软件工程师,六险一金 下午茶 团建
15k-25k,2000人以上,海淀区,1-3年,北京中公教育科技股份有限公司,Python研发编辑,"五险一金,年终奖金"
25k-45k,150-500人,朝阳区,5-10年,北京轻宿科技发展有限公司,Python架构师,发展空间大 发挥空间大
15k-30k,2000人以上,海淀区,1-3年,北京高思博乐教育科技股份有限公司,Python教研,带薪年假 节日福利 员工体检
10k-13k,2000人以上,海淀区,1-3年,上海微创软件股份有限公司北京分公司,python开发工程师（nlp方向）,"六险一金,大厂经验,弹性上班,带薪年假"
15k-30k,500-2000人,西城区,3-5年,北京多来点信息技术有限公司,Python测试开发工程师,"五险一金,年终奖金,带薪年假,节日福利"
25k-50k,500-2000人,朝阳区,3-5年,合一信息技术（北京）有限公司,高级Python后端工程师,"大牛多,成长快,专属福利"
20k-25k,50-150人,海淀区,3-5年,北京视野金服信息技术有限公司,python数据处理工程师,期权奖励
15k-20k,15-50人,海淀区,3-5年,北京浩泰思特科技有限公司,Python高级讲师,"五险一金,优秀团队,晋升空间大,办公环境优"
10k-20k,15-50人,海淀区,不限,北京清数科技发展有限公司,大数据Python开发工程师（全职/实习）,数据创新平台、扁平管理、专业性强
15k-25k,50-150人,朝阳区,3-5年,中益善源（北京）科技有限公司,数据平台研发（Python）工程师,"五险一金,餐费补助,弹性工作,补充医疗"
15k-30k,2000人以上,朝阳区,1-3年,拉扎斯网络科技（上海）有限公司,高级python开发（微服务中间件）,中间件 出国团建 带薪假 补充医疗
8k-15k,500-2000人,东城区,3-5年,深圳点猫科技有限公司,Python培训讲师,"弹性,提成多多,五险一金,饭补"
17k-26k,15-50人,东城区,1-3年,北京百观科技有限公司,Python数据与爬虫工程师,"高成长空间,有挑战性,福利待遇好"
20k-30k,2000人以上,海淀区,应届毕业生,北京市海淀区高思超常教育培训学校,编程教师（Python教研方向/信息学竞赛方向）,六险一金 带薪年假 半年调薪
25k-50k,15-50人,海淀区,5-10年,北京易商迅达科技有限公司,985/211-JAVA/Python全栈中高级,"发展潜力大,升值空间大,股权,产业链"
25k-50k,50-150人,海淀区,3-5年,北京网录科技有限公司,高级软件工程师（算法/c++/go/python）,"五险一金,带薪假期,绩效奖金,不打卡"
3k-4k,15-50人,朝阳区,应届毕业生,上海财鲸互联网金融信息服务有限公司,金融分析实习生（会Python优先考虑）,"金融大牛,扁平化管理"
3k-6k,50-150人,朝阳区,应届毕业生,北京量子金服网络科技有限公司,Python金融数据开发（2019年应届）,六险一金 下午茶 团建
15k-25k,500-2000人,西城区,1-3年,北京多来点信息技术有限公司,Python测试工程师（自动化）,五险一金 年终奖金 带薪年假 节日福利
20k-40k,2000人以上,朝阳区,3-5年,北京京东世纪贸易有限公司,devops工程师(Python/Golang),"14薪,弹性工作制"
25k-50k,少于15人,朝阳区,3-5年,北京龙归科技有限公司,python全栈工程师,有激情的初创团队，丰厚的工资与期权
