商品名称,商品ID,评论内容,评论时间,评论人昵称,顾客会员等级,购物使用的平台

Apple iPhone 7 Plus 128G 红色特别版 移动联通电信4G手机,3995645,一直信赖京东 方便又快捷 今天买明天到 服务还好 满意,2018-04-02 21:09:58,威***哥,钻石会员,

Apple iPhone 7 Plus 128G 红色特别版 移动联通电信4G手机,3995645,挺好用的，服务很棒，京东到货很快,2018-03-31 20:01:35,古***翠,钻石会员,来自京东Android客户端

Apple iPhone 7 Plus 128G 红色特别版 移动联通电信4G手机,3995645,手机屏幕效果好，运行流畅不卡，玩游戏很快！,2018-03-31 09:57:53,科***鱼,PLUS会员,来自京东Android客户端

Apple iPhone 7 Plus 128G 红色特别版 移动联通电信4G手机,3995645,价格划算，发货快，京东产品值得信赖手机性能不错,2018-03-30 23:33:26,我***5,钻石会员,来自京东Android客户端

Apple iPhone 7 Plus 128G 红色特别版 移动联通电信4G手机,3995645,做工质感挺好，包装也还行，价格实惠，物流速度给力，快递小哥服务很好,2018-03-29 19:49:54,晴***y,钻石会员,

Apple iPhone 7 Plus 128G 红色特别版 移动联通电信4G手机,3995645,手机的运行速度快，拍照好看，续航能力强。性价比高，物流快，服务好，非常满意。,2018-03-29 14:39:05,F***妞,钻石会员,来自京东Android客户端

Apple iPhone 7 Plus 128G 红色特别版 移动联通电信4G手机,3995645,京东靠谱！！,2018-03-28 16:53:24,背***校,钻石会员,

Apple iPhone 7 Plus 128G 红色特别版 移动联通电信4G手机,3995645,手机很好，5星好评，屏幕很大。刚买的运行速度很快，京东快递就是快，快递小哥赞,2018-03-28 12:43:11,为***狂,PLUS会员,来自京东iPhone客户端

Apple iPhone 7 Plus 128G 红色特别版 移动联通电信4G手机,3995645,质量挺好的，挺喜欢,2018-03-28 09:28:42,d***1,钻石会员,来自京东Android客户端

Apple iPhone 7 Plus 128G 红色特别版 移动联通电信4G手机,3995645,还好,2018-03-27 08:24:41,昂***5,PLUS会员,来自京东Android客户端

Apple iPhone 7 Plus 128G 红色特别版 移动联通电信4G手机,3995645,嘿嘿这个的颜色啊，挺正的,2018-03-24 14:01:57,你***听,PLUS会员,来自京东Android客户端

Apple iPhone 7 Plus 128G 红色特别版 移动联通电信4G手机,3995645,京东的质量和速度没得说，买的放心，用的踏实，比实体店的服务不差，满意,2018-03-24 10:24:08,j***1,钻石会员,来自京东Android客户端

Apple iPhone 7 Plus 128G 红色特别版 移动联通电信4G手机,3995645,买了确实漂亮，就是屏幕上很多微痕不知道怎么回事,2018-03-24 07:00:51,z***g,钻石会员,来自京东iPhone客户端

Apple iPhone 7 Plus 128G 红色特别版 移动联通电信4G手机,3995645,是正品机器。好用，发货特别快，特别喜欢京东自营店。,2018-03-22 17:37:05,j***8,钻石会员,来自京东Android客户端

Apple iPhone 7 Plus 128G 红色特别版 移动联通电信4G手机,3995645,手机用的还不错，正品。?,2018-03-22 16:51:49,B***8,钻石会员,来自京东iPhone客户端

Apple iPhone 7 Plus 128G 红色特别版 移动联通电信4G手机,3995645,好评,2018-03-22 13:27:13,时***i,钻石会员,

Apple iPhone 7 Plus 128G 红色特别版 移动联通电信4G手机,3995645,给老婆的礼物 很喜欢,2018-03-21 22:13:07,g***6,钻石会员,来自京东Android客户端

Apple iPhone 7 Plus 128G 红色特别版 移动联通电信4G手机,3995645,非常好,2018-03-21 14:08:54,j***a,PLUS会员,来自京东Android客户端

Apple iPhone 7 Plus 128G 红色特别版 移动联通电信4G手机,3995645,东西很不错，这里的服务还是一如既往的给力，商品种类确实很多，和其他网站相比选择余地也就大了很多。&nbsp;而且可以用同类商品做比较。商品的价格也不贵，性价比挺高的。这次的商品针对是很不错，很满意这次在這裡的网购。,2018-03-20 18:45:01,韦***0,钻石会员,

Apple iPhone 7 Plus 128G 红色特别版 移动联通电信4G手机,3995645,京东的东西让人放心，希望京东越来越好。,2018-03-18 12:59:14,阿***哥,PLUS会员,

Apple iPhone 7 Plus 128G 红色特别版 移动联通电信4G手机,3995645,发货快，送货也快，很喜欢，好用,2018-03-18 01:47:40,j***v,金牌会员,来自京东Android客户端

Apple iPhone 7 Plus 128G 红色特别版 移动联通电信4G手机,3995645,还不错，给我姐买的，质量没得挑，服务也很好，到货快，不错。,2018-03-17 20:48:59,c***9,钻石会员,

Apple iPhone 7 Plus 128G 红色特别版 移动联通电信4G手机,3995645,还不错，给我姐买的，质量没得挑，服务也很好，到货快，不错。,2018-03-17 20:47:39,山***7,PLUS会员,

Apple iPhone 7 Plus 128G 红色特别版 移动联通电信4G手机,3995645,活动时候入的，性价比高，好评,2018-03-17 19:17:52,j***4,钻石会员,来自京东Android客户端

Apple iPhone 7 Plus 128G 红色特别版 移动联通电信4G手机,3995645,一般吧。,2018-03-17 17:13:35,天***4,钻石会员,来自京东iPhone客户端

Apple iPhone 7 Plus 128G 红色特别版 移动联通电信4G手机,3995645,挺好的，活动买的，价格比较划算,2018-03-17 11:22:06,j***h,PLUS会员,来自京东Android客户端

Apple iPhone 7 Plus 128G 红色特别版 移动联通电信4G手机,3995645,手机质量不错，很喜欢，反应速度快，大爱,2018-03-16 22:21:23,j***g,钻石会员,来自京东iPhone客户端

Apple iPhone 7 Plus 128G 红色特别版 移动联通电信4G手机,3995645,非常不错的手机，外形很漂亮，功能也很强大，很满意的说,2018-03-16 18:28:59,j***a,钻石会员,

Apple iPhone 7 Plus 128G 红色特别版 移动联通电信4G手机,3995645,手机拍照效果很不错，屏幕触屏很灵敏，电池耐用，总体还不错！,2018-03-15 11:20:18,j***婷,PLUS会员,来自京东Android客户端

Apple iPhone 7 Plus 128G 红色特别版 移动联通电信4G手机,3995645,手机电池续航时间长，拍照效果很好，运行流畅，不卡机，买值了！,2018-03-15 10:31:36,可***鱼,钻石会员,来自京东Android客户端

Apple iPhone 7 Plus 128G 红色特别版 移动联通电信4G手机,3995645,正常 一般 可以 还行 不错,2018-03-15 09:54:37,w***6,钻石会员,来自京东iPhone客户端

Apple iPhone 7 Plus 128G 红色特别版 移动联通电信4G手机,3995645,手机用起来很不错?是正品,2018-03-14 19:50:17,j***h,银牌会员,来自京东iPhone客户端

Apple iPhone 7 Plus 128G 红色特别版 移动联通电信4G手机,3995645,京东发货就是快，服务好,2018-03-14 18:00:37,哒***嘟,PLUS会员,

Apple iPhone 7 Plus 128G 红色特别版 移动联通电信4G手机,3995645,京东发货就是快，服务好,2018-03-14 17:53:06,米***0,钻石会员,

Apple iPhone 7 Plus 128G 红色特别版 移动联通电信4G手机,3995645,手机质量不错，款式时尚精美，挺喜欢！,2018-03-14 17:51:45,w***4,钻石会员,来自京东iPhone客户端

Apple iPhone 7 Plus 128G 红色特别版 移动联通电信4G手机,3995645,很好，一直在京东购买，活动很划算。,2018-03-14 15:18:41,网***购,PLUS会员,来自京东iPhone客户端

Apple iPhone 7 Plus 128G 红色特别版 移动联通电信4G手机,3995645,挺好的，活动时候买的，价格还可以 ！,2018-03-14 12:58:18,你***g,PLUS会员,

Apple iPhone 7 Plus 128G 红色特别版 移动联通电信4G手机,3995645,价格挺合适的 满意~~~~~,2018-03-14 12:05:24,纸***0,钻石会员,

Apple iPhone 7 Plus 128G 红色特别版 移动联通电信4G手机,3995645,手机很好用，屏幕大小合适，很棒，很满意噢,2018-03-14 11:41:51,无***0,钻石会员,

Apple iPhone 7 Plus 128G 红色特别版 移动联通电信4G手机,3995645,不错的手机，颜色很有特色，运行很快,2018-03-14 10:45:13,1***7,PLUS会员,来自京东Android客户端

Apple iPhone 7 Plus 128G 红色特别版 移动联通电信4G手机,3995645,此用户未及时评价，系统默认好评。,2018-03-14 10:43:23,我***敏,钻石会员,来自京东Android客户端

Apple iPhone 7 Plus 128G 红色特别版 移动联通电信4G手机,3995645,屏幕很清晰，操作很流畅，照相也很清楚，价格实惠，满意！,2018-03-13 23:06:29,杨***儿,PLUS会员,来自京东Android客户端

Apple iPhone 7 Plus 128G 红色特别版 移动联通电信4G手机,3995645,电视信号比以前的好多了好多了。,2018-03-13 22:17:02,j***8,PLUS会员,来自京东Android客户端

Apple iPhone 7 Plus 128G 红色特别版 移动联通电信4G手机,3995645,好用价格实惠，发货挺快的，京东值得信赖。质量不错,2018-03-13 20:32:24,我***n,钻石会员,来自京东Android客户端

Apple iPhone 7 Plus 128G 红色特别版 移动联通电信4G手机,3995645,电话用了两个月，两个星期前发现软件商店无法下载更新软件？账户无法登陆,2018-03-13 09:58:02,x***熊,银牌会员,来自京东iPhone客户端

Apple iPhone 7 Plus 128G 红色特别版 移动联通电信4G手机,3995645,还不错，客服态度很好，物美价廉，需要还会再来,2018-03-12 18:42:10,j***w,钻石会员,来自京东Android客户端

Apple iPhone 7 Plus 128G 红色特别版 移动联通电信4G手机,3995645,还是蛮快的，好用，质量靠谱。,2018-03-12 17:33:28,c***g,钻石会员,

Apple iPhone 7 Plus 128G 红色特别版 移动联通电信4G手机,3995645,这个颜色的手机很好看，送给朋友的,2018-03-12 16:21:24,不***吗,PLUS会员,来自京东iPhone客户端

Apple iPhone 7 Plus 128G 红色特别版 移动联通电信4G手机,3995645,宝贝质量不错，同事们都在用这个牌子，物流神速，当天基本到货，总体满意，必须好评。,2018-03-12 15:56:09,j***c,钻石会员,来自京东Android客户端

Apple iPhone 7 Plus 128G 红色特别版 移动联通电信4G手机,3995645,东西真不错，一直在京东买，活动力度大，物流超级快，已经成为京东迷啦，快快加入我们,2018-03-12 15:33:18,玥***儿,金牌会员,来自京东iPhone客户端

Apple iPhone 7 Plus 128G 红色特别版 移动联通电信4G手机,3995645,用了2个多月，自我感觉很好，没毛病，京东果然没令我失望，以后还会买iphone 的,2018-03-12 12:38:35,J***1,金牌会员,来自京东iPhone客户端

Apple iPhone 7 Plus 128G 红色特别版 移动联通电信4G手机,3995645,老婆很喜欢?,2018-03-12 11:09:29,j***o,钻石会员,来自京东iPhone客户端

Apple iPhone 7 Plus 128G 红色特别版 移动联通电信4G手机,3995645,红色的很漂亮，红苹果????????????????,2018-03-11 21:40:02,姗***1,钻石会员,来自京东iPhone客户端

Apple iPhone 7 Plus 128G 红色特别版 移动联通电信4G手机,3995645,此用户未及时评价，系统默认好评。,2018-03-11 16:08:17,j***x,钻石会员,来自京东Android客户端

Apple iPhone 7 Plus 128G 红色特别版 移动联通电信4G手机,3995645,还不错，好用，靠谱。,2018-03-11 13:39:16,j***3,钻石会员,

Apple iPhone 7 Plus 128G 红色特别版 移动联通电信4G手机,3995645,一直以来都很信赖京东，昨天下单今天就到了，爽！,2018-03-11 12:49:37,j***b,金牌会员,来自京东iPhone客户端

Apple iPhone 7 Plus 128G 红色特别版 移动联通电信4G手机,3995645,好评,2018-03-11 01:10:00,j***a,PLUS会员,

Apple iPhone 7 Plus 128G 红色特别版 移动联通电信4G手机,3995645,手机很好，反应很快，游戏也流畅。,2018-03-09 22:08:37,你***亲,钻石会员,来自京东Android客户端

Apple iPhone 7 Plus 128G 红色特别版 移动联通电信4G手机,3995645,手机很好，反应很快，游戏也流畅。,2018-03-09 22:01:19,肉***6,钻石会员,来自京东Android客户端

Apple iPhone 7 Plus 128G 红色特别版 移动联通电信4G手机,3995645,手机不错，反应很快，游戏也流畅。,2018-03-09 21:50:40,蝶***我,钻石会员,来自京东Android客户端

Apple iPhone 7 Plus 128G 红色特别版 移动联通电信4G手机,3995645,红色与众不同的一款手机 也就苹果出这个了 值得购买,2018-03-09 20:31:18,R***N,PLUS会员,来自京东iPhone客户端

Apple iPhone 7 Plus 128G 红色特别版 移动联通电信4G手机,3995645,此用户未及时评价，系统默认好评。,2018-03-09 17:48:42,m***6,金牌会员,来自京东Android客户端

Apple iPhone 7 Plus 128G 红色特别版 移动联通电信4G手机,3995645,给老妈买的，用着一直没问题，冷光屏挺好～,2018-03-09 15:26:35,小黑哥哥_86,PLUS会员,来自京东iPhone客户端

Apple iPhone 7 Plus 128G 红色特别版 移动联通电信4G手机,3995645,超级漂亮的红色，正品正品！,2018-03-09 14:20:25,j***c,PLUS会员,来自京东iPhone客户端

Apple iPhone 7 Plus 128G 红色特别版 移动联通电信4G手机,3995645,发货速度，很不错的产品哦京东值得信赖。,2018-03-09 11:59:15,王***9,钻石会员,来自京东Android客户端

Apple iPhone 7 Plus 128G 红色特别版 移动联通电信4G手机,3995645,京东送货很快，手机用了一段时间，挺好用的！,2018-03-09 10:40:22,蜗***鸟,钻石会员,

Apple iPhone 7 Plus 128G 红色特别版 移动联通电信4G手机,3995645,正品 信赖京东,2018-03-08 22:28:16,水***舟,钻石会员,来自京东iPhone客户端

Apple iPhone 7 Plus 128G 红色特别版 移动联通电信4G手机,3995645,挺好的，很喜欢。,2018-03-07 20:58:59,情***2,钻石会员,

Apple iPhone 7 Plus 128G 红色特别版 移动联通电信4G手机,3995645,商品不错，物流很快，满意。,2018-03-07 14:18:33,繁***航,钻石会员,来自京东Android客户端

Apple iPhone 7 Plus 128G 红色特别版 移动联通电信4G手机,3995645,非常感谢京东商城给予的优质的服务，从仓储管理、物流配送等各方面都是做的非常好的。送货及时，配送员也非常的热情，有时候不方便收件的时候，也安排时间另行配送。同时京东商城在售后管理上也非常好的，以解客户忧患，排除万难。给予我们非常好的购物体验,2018-03-07 12:50:13,小***1,钻石会员,

Apple iPhone 7 Plus 128G 红色特别版 移动联通电信4G手机,3995645,送女友的，用了那么久！满意,2018-03-06 18:18:31,j***刀,PLUS会员,来自京东Android客户端

Apple iPhone 7 Plus 128G 红色特别版 移动联通电信4G手机,3995645,质量不错没有开封，快递很快。,2018-03-06 15:32:21,l***a,钻石会员,来自京东Android客户端

Apple iPhone 7 Plus 128G 红色特别版 移动联通电信4G手机,3995645,挺实用好用的，价格也算公道，介绍给朋友了！,2018-03-06 13:10:23,凌***-,钻石会员,来自京东iPhone客户端

Apple iPhone 7 Plus 128G 红色特别版 移动联通电信4G手机,3995645,很满意 红色的真的是非常精致,2018-03-06 09:46:34,z***2,PLUS会员,来自京东iPhone客户端

Apple iPhone 7 Plus 128G 红色特别版 移动联通电信4G手机,3995645,好用的，送人的,2018-03-06 09:38:06,c***8,PLUS会员,来自京东iPhone客户端

Apple iPhone 7 Plus 128G 红色特别版 移动联通电信4G手机,3995645,质量挺好的，很不错，挺满意,2018-03-06 01:02:13,j***l,钻石会员,来自京东Android客户端

Apple iPhone 7 Plus 128G 红色特别版 移动联通电信4G手机,3995645,物流非常快！正品好评！,2018-03-05 22:55:05,w***p,钻石会员,

Apple iPhone 7 Plus 128G 红色特别版 移动联通电信4G手机,3995645,挺实用好用的，价格也算公道，介绍给朋友了！,2018-03-05 22:01:26,爱***e,PLUS会员,来自京东iPhone客户端

Apple iPhone 7 Plus 128G 红色特别版 移动联通电信4G手机,3995645,苹果7手机，反应快，屏幕分辨率高，照像清晰，红色是我喜欢的。,2018-03-05 20:39:06,j***1,PLUS会员,来自京东iPhone客户端

Apple iPhone 7 Plus 128G 红色特别版 移动联通电信4G手机,3995645,苹果还是挺好用的,2018-03-05 20:19:13,没***麽,钻石会员,来自京东Android客户端

Apple iPhone 7 Plus 128G 红色特别版 移动联通电信4G手机,3995645,宝贝收到，运行速度很快，很好用,2018-03-05 16:45:24,j***s,钻石会员,来自京东Android客户端

Apple iPhone 7 Plus 128G 红色特别版 移动联通电信4G手机,3995645,包装好，价格划算，物流很快，卖家服务很周到。很满意的一次购物！,2018-03-05 13:12:56,尘***e,PLUS会员,

Apple iPhone 7 Plus 128G 红色特别版 移动联通电信4G手机,3995645,用过苹果就再也用不了安卓了！特别漂亮的中国红，屏幕手感超级棒！！！,2018-03-05 10:18:04,西***君,PLUS会员,来自京东iPhone客户端

Apple iPhone 7 Plus 128G 红色特别版 移动联通电信4G手机,3995645,这是买过老婆的礼物，已经用了一个月了，还不错哦。,2018-03-05 09:32:21,j***m,钻石会员,来自京东iPhone客户端

Apple iPhone 7 Plus 128G 红色特别版 移动联通电信4G手机,3995645,是正品，运行速度不用说，大红色好看,2018-03-04 23:17:26,M***醒,PLUS会员,来自京东Android客户端

Apple iPhone 7 Plus 128G 红色特别版 移动联通电信4G手机,3995645,暂时没问题,2018-03-04 22:56:58,j***z,金牌会员,来自京东iPhone客户端

Apple iPhone 7 Plus 128G 红色特别版 移动联通电信4G手机,3995645,手机性价比好，比较实用，女朋友喜欢，快递比较快,2018-03-04 21:46:36,1***6,金牌会员,来自京东Android客户端

Apple iPhone 7 Plus 128G 红色特别版 移动联通电信4G手机,3995645,物廉价美  价格实惠 配送速度很快  非常棒  给京东点赞,2018-03-04 21:04:29,小***1,PLUS会员,来自京东iPhone客户端

Apple iPhone 7 Plus 128G 红色特别版 移动联通电信4G手机,3995645,一直用了好久才来评价，但是质量确实过关，用了这么久，一点没有卡顿！真好。哈哈啊，物有所值。,2018-03-04 20:18:59,L***0,PLUS会员,来自京东iPhone客户端

Apple iPhone 7 Plus 128G 红色特别版 移动联通电信4G手机,3995645,快递很快，很漂亮，用一段时间再详细评价。,2018-03-04 10:47:15,z***7,PLUS会员,来自京东Android客户端

Apple iPhone 7 Plus 128G 红色特别版 移动联通电信4G手机,3995645,效果不错～～,2018-03-04 09:59:41,j***灬,PLUS会员,来自京东iPhone客户端

Apple iPhone 7 Plus 128G 红色特别版 移动联通电信4G手机,3995645,挺好的啊 没毛病。。。,2018-03-04 09:06:50,是***咯,钻石会员,来自京东iPhone客户端

Apple iPhone 7 Plus 128G 红色特别版 移动联通电信4G手机,3995645,非常满意！系统流畅！！！！～！,2018-03-04 08:38:24,j***w,PLUS会员,来自京东Android客户端

Apple iPhone 7 Plus 128G 红色特别版 移动联通电信4G手机,3995645,心仪已久的苹果到手了！心情立马起飞了！反应就是快，抢红包都是第一个抢到的?,2018-03-03 11:41:50,不***哥,PLUS会员,来自微信购物

Apple iPhone 7 Plus 128G 红色特别版 移动联通电信4G手机,3995645,正品机器,2018-03-02 17:08:19,小***c,钻石会员,来自京东iPhone客户端

Apple iPhone 7 Plus 128G 红色特别版 移动联通电信4G手机,3995645,不错，是正品,2018-03-02 10:49:01,j***g,金牌会员,来自京东iPhone客户端

Apple iPhone 7 Plus 128G 红色特别版 移动联通电信4G手机,3995645,正品，包装好，物流也很快,2018-03-01 16:48:11,z***o,钻石会员,来自京东iPhone客户端

Apple iPhone 7 Plus 128G 红色特别版 移动联通电信4G手机,3995645,京东品质，值得信赖！,2018-03-01 11:28:22,爱***9,PLUS会员,来自京东iPhone客户端

Apple iPhone 7 Plus 128G 红色特别版 移动联通电信4G手机,3995645,新手机速度就是快一些，但是红色有点不好搭配手机壳,2018-03-01 10:59:56,卡***臭,PLUS会员,来自京东iPhone客户端

Apple iPhone 7 Plus 128G 红色特别版 移动联通电信4G手机,3995645,真是一次愉快地网购啊 我很喜欢,2018-03-01 10:23:58,夜***豆,PLUS会员,

Apple iPhone 7 Plus 128G 红色特别版 移动联通电信4G手机,3995645,红色很经典，机型漂亮，这配置非常给力，买的值~！,2018-03-01 10:15:46,贝***e,PLUS会员,

Apple iPhone 7 Plus 128G 红色特别版 移动联通电信4G手机,3995645,手机满漂亮的，配置顶级，非常好用。,2018-03-01 10:06:10,贝***贝,PLUS会员,

Apple iPhone 7 Plus 128G 红色特别版 移动联通电信4G手机,3995645,手机总的来讲还是很不错的,2018-02-28 22:39:14,疯***0,金牌会员,来自京东iPhone客户端

Apple iPhone 7 Plus 128G 红色特别版 移动联通电信4G手机,3995645,查过了，是正品行货，快递速度不错，有需要的朋友可放心购买！ 非常好,2018-02-28 22:23:28,咚***7,钻石会员,

Apple iPhone 7 Plus 128G 红色特别版 移动联通电信4G手机,3995645,红色漂亮，喜欢，很好用,2018-02-28 17:06:32,坞***-,PLUS会员,来自京东Android客户端

Apple iPhone 7 Plus 128G 红色特别版 移动联通电信4G手机,3995645,京东值得信赖，品质有保障,2018-02-28 14:03:47,小***流,PLUS会员,来自京东Android客户端

Apple iPhone 7 Plus 128G 红色特别版 移动联通电信4G手机,3995645,用的还不错,2018-02-28 11:31:13,七***7,钻石会员,来自京东iPhone客户端

Apple iPhone 7 Plus 128G 红色特别版 移动联通电信4G手机,3995645,信赖京东！服务一流！,2018-02-28 08:52:15,M***G,PLUS会员,来自京东iPhone客户端

Apple iPhone 7 Plus 128G 红色特别版 移动联通电信4G手机,3995645,此用户未及时评价，系统默认好评。,2018-02-27 22:34:02,p***0,PLUS会员,来自京东iPhone客户端

Apple iPhone 7 Plus 128G 红色特别版 移动联通电信4G手机,3995645,"第一次从京东买像手机这种大件      值得信赖
????

一直都很喜欢苹果这款 红色的",2018-02-27 20:46:17,娇***7,金牌会员,来自京东iPhone客户端

Apple iPhone 7 Plus 128G 红色特别版 移动联通电信4G手机,3995645,红色的很喜庆，老婆很喜欢~~,2018-02-27 19:34:49,j***8,PLUS会员,

Apple iPhone 7 Plus 128G 红色特别版 移动联通电信4G手机,3995645,还行，质量还是可以的。价格也差不多，就图个方便。,2018-02-27 17:24:26,C***e,PLUS会员,来自京东iPhone客户端

Apple iPhone 7 Plus 128G 红色特别版 移动联通电信4G手机,3995645,京东保质保量，一直都在京东自营。信的过,2018-02-27 11:54:28,熊***酒,PLUS会员,来自京东iPhone客户端

Apple iPhone 7 Plus 128G 红色特别版 移动联通电信4G手机,3995645,京东快递很快，没有开封，质量好,2018-02-27 09:05:31,x***o,钻石会员,来自京东Android客户端

Apple iPhone 7 Plus 128G 红色特别版 移动联通电信4G手机,3995645,手机是正品无疑，7p用起来比较流畅，至于电池，没有想象中的那么耐用，不知道是不是系统原因，手机用了两个月，目前暂无发现问题。,2018-02-27 00:44:22,j***x,PLUS会员,来自京东iPhone客户端

Apple iPhone 7 Plus 128G 红色特别版 移动联通电信4G手机,3995645,很好的啊！！！,2018-02-26 20:59:37,j***a,银牌会员,来自京东Android客户端

Apple iPhone 7 Plus 128G 红色特别版 移动联通电信4G手机,3995645,不错，好看。,2018-02-26 13:00:06,j***z,PLUS会员,来自京东iPhone客户端

Apple iPhone 7 Plus 128G 红色特别版 移动联通电信4G手机,3995645,很不错，用起来很快，很稳定,2018-02-26 08:43:58,1***8,金牌会员,来自京东iPhone客户端

Apple iPhone 7 Plus 128G 红色特别版 移动联通电信4G手机,3995645,帮家人买的，她没反馈，默认不错。,2018-02-25 19:54:18,H***小,钻石会员,来自京东Android客户端

Apple iPhone 7 Plus 128G 红色特别版 移动联通电信4G手机,3995645,在京东买过好几次了，值得信赖,2018-02-25 19:03:08,r***g,金牌会员,来自京东iPhone客户端

Apple iPhone 7 Plus 128G 红色特别版 移动联通电信4G手机,3995645,很好的一次购物,2018-02-25 17:48:37,j***石,PLUS会员,来自微信购物

Apple iPhone 7 Plus 128G 红色特别版 移动联通电信4G手机,3995645,挺好的，很满意。会一直支持的！,2018-02-25 17:23:10,伟***娟,钻石会员,来自京东Android客户端

Apple iPhone 7 Plus 128G 红色特别版 移动联通电信4G手机,3995645,再次购买，正品，非常满意。,2018-02-25 14:54:40,b***j,钻石会员,来自京东iPhone客户端

Apple iPhone 7 Plus 128G 红色特别版 移动联通电信4G手机,3995645,质量很好，发货速度很快！服务很好！！,2018-02-25 13:17:21,样***家,钻石会员,

Apple iPhone 7 Plus 128G 红色特别版 移动联通电信4G手机,3995645,屏幕效果好，电池耐用，发货速度快，服务态度好，很给力！,2018-02-25 12:40:25,r***静,钻石会员,来自京东Android客户端

Apple iPhone 7 Plus 128G 红色特别版 移动联通电信4G手机,3995645,此用户未填写评价内容,2018-02-25 11:03:51,小***乔,钻石会员,来自京东iPhone客户端

Apple iPhone 7 Plus 128G 红色特别版 移动联通电信4G手机,3995645,好,2018-02-25 07:09:12,j***7,钻石会员,来自京东Android客户端

Apple iPhone 7 Plus 128G 红色特别版 移动联通电信4G手机,3995645,非常感谢京东商城给予的优质的服务，从仓储管理、物流配送等各方面都是做的非常好的。送货及时，配送员也非常的热情，有时候不方便收件的时候，也安排时间另行配送。同时京东商城在售后管理上也非常好的，以解客户忧患，排除万难。给予我们非常好的购物体验。,2018-02-24 21:24:33,j***b,钻石会员,

Apple iPhone 7 Plus 128G 红色特别版 移动联通电信4G手机,3995645,非常喜欢，适合女式使用。,2018-02-24 21:21:17,j***1,金牌会员,来自手机QQ购物

Apple iPhone 7 Plus 128G 红色特别版 移动联通电信4G手机,3995645,此用户未及时评价，系统默认好评。,2018-02-24 20:23:03,f***u,PLUS会员,来自京东iPhone客户端

Apple iPhone 7 Plus 128G 红色特别版 移动联通电信4G手机,3995645,使用了一段时间才来评价的 很不错 喜欢,2018-02-24 11:32:34,j***b,钻石会员,

Apple iPhone 7 Plus 128G 红色特别版 移动联通电信4G手机,3995645,手机有问题  经常死机,2018-02-23 23:55:36,陈***3,钻石会员,来自京东iPhone客户端

Apple iPhone 7 Plus 128G 红色特别版 移动联通电信4G手机,3995645,不错，感觉是正品，下次还会再来,2018-02-23 23:52:00,j***0,PLUS会员,来自京东Android客户端

Apple iPhone 7 Plus 128G 红色特别版 移动联通电信4G手机,3995645,比香港贵多了。。。。。。。好后悔啊。。。。。。。。。。。。。。。,2018-02-23 22:16:57,j***',钻石会员,来自京东iPhone客户端

Apple iPhone 7 Plus 128G 红色特别版 移动联通电信4G手机,3995645,里面有别人的手机号，应该是别人用过了。哎还是去实体店买吧,2018-02-23 20:35:53,嘻***嘻,金牌会员,来自京东iPhone客户端

Apple iPhone 7 Plus 128G 红色特别版 移动联通电信4G手机,3995645,送货速度非常快送货速度非常好，会继续支持京东商城送货速度非常快送货速度非常好，会继续支持京东商城！,2018-02-23 12:13:47,张***g,钻石会员,来自京东Android客户端

Apple iPhone 7 Plus 128G 红色特别版 移动联通电信4G手机,3995645,新手机官网可以查到，就是价格比较贵，希望有更大优惠,2018-02-22 15:56:05,樱***絮,钻石会员,来自京东iPhone客户端

Apple iPhone 7 Plus 128G 红色特别版 移动联通电信4G手机,3995645,手机已经收到，买的情侣机，喜欢中国红,2018-02-22 15:26:03,j***f,金牌会员,来自京东iPhone客户端

Apple iPhone 7 Plus 128G 红色特别版 移动联通电信4G手机,3995645,很好用，大红色，我很喜欢，用起来也流畅，拍照像素也高，主要是外观我喜欢,2018-02-22 14:02:24,j***m,钻石会员,来自京东iPhone客户端

Apple iPhone 7 Plus 128G 红色特别版 移动联通电信4G手机,3995645,还不错，是正品,2018-02-22 11:20:47,一***6,金牌会员,来自京东iPhone客户端

Apple iPhone 7 Plus 128G 红色特别版 移动联通电信4G手机,3995645,外观很漂亮，拍照清晰。媳妇非常喜欢,2018-02-22 09:00:20,龙***击,银牌会员,来自京东Android客户端

Apple iPhone 7 Plus 128G 红色特别版 移动联通电信4G手机,3995645,手机用着都一样，没啥区别...,2018-02-21 22:26:32,Z***W,金牌会员,来自京东Android客户端

Apple iPhone 7 Plus 128G 红色特别版 移动联通电信4G手机,3995645,很好不错！,2018-02-20 20:38:44,j***4,钻石会员,来自京东Android客户端

Apple iPhone 7 Plus 128G 红色特别版 移动联通电信4G手机,3995645,屏幕分辩率很好，拍照很逼真，续航能力还可以,2018-02-20 00:18:44,j***i,金牌会员,来自京东Android客户端

Apple iPhone 7 Plus 128G 红色特别版 移动联通电信4G手机,3995645,物品很好 经常买 很满意的哦  给丈母娘的,2018-02-19 22:51:14,d***0,钻石会员,来自京东iPhone客户端

Apple iPhone 7 Plus 128G 红色特别版 移动联通电信4G手机,3995645,颜色很好，听朋友说不过有时没有信号。,2018-02-19 16:55:58,流***兔,钻石会员,来自京东iPhone客户端

Apple iPhone 7 Plus 128G 红色特别版 移动联通电信4G手机,3995645,手机很好用，对得起这个价钱，有需要会再来的。,2018-02-19 11:18:07,T***宝,钻石会员,

Apple iPhone 7 Plus 128G 红色特别版 移动联通电信4G手机,3995645,拍照效果好！电池耐用度也可以！红色的真心好看！女士用爽歪歪哦！最主要是京东送货速度杠杠的快！服务态度也是不错！电子产品京东购买比较放心！,2018-02-18 20:51:59,喵***鳅,钻石会员,来自京东Android客户端

Apple iPhone 7 Plus 128G 红色特别版 移动联通电信4G手机,3995645,在用中，没有发现其他的问题，就是天气预报咋不能用没数据,2018-02-18 20:39:21,l***9,钻石会员,来自京东iPhone客户端

Apple iPhone 7 Plus 128G 红色特别版 移动联通电信4G手机,3995645,手机运行速度很快，比实体店便宜很多，一直信任京东,2018-02-18 20:27:36,j***d,PLUS会员,来自京东Android客户端

Apple iPhone 7 Plus 128G 红色特别版 移动联通电信4G手机,3995645,手机很好用，对得起这个价钱，有需要会再来的。,2018-02-18 17:13:56,S***D,钻石会员,

Apple iPhone 7 Plus 128G 红色特别版 移动联通电信4G手机,3995645,手机很好用，对得起这个价钱，有需要会再来的。,2018-02-18 17:05:53,太***祥,PLUS会员,

Apple iPhone 7 Plus 128G 红色特别版 移动联通电信4G手机,3995645,此用户未及时评价，系统默认好评。,2018-02-18 12:50:28,j***4,PLUS会员,来自京东iPhone客户端

Apple iPhone 7 Plus 128G 红色特别版 移动联通电信4G手机,3995645,手机质量不错，款式颜色很喜欢，反应也快，挺满意的,2018-02-17 21:58:38,风***u,钻石会员,

Apple iPhone 7 Plus 128G 红色特别版 移动联通电信4G手机,3995645,宝贝性价比很高，很实惠，发货速度快，服务态度很好，非常满意的一次网购！,2018-02-17 20:12:53,c***n,PLUS会员,来自京东Android客户端

Apple iPhone 7 Plus 128G 红色特别版 移动联通电信4G手机,3995645,京东商城东西很实惠，都是来这里买。发货速度很快，服务态度很好，很满意！,2018-02-17 19:51:17,友***度,PLUS会员,来自京东Android客户端

Apple iPhone 7 Plus 128G 红色特别版 移动联通电信4G手机,3995645,不错！一直在京东购买,2018-02-17 12:37:12,淘***y,金牌会员,来自京东iPhone客户端

Apple iPhone 7 Plus 128G 红色特别版 移动联通电信4G手机,3995645,京东商品没得说，物流快，服务好！,2018-02-16 23:24:05,j***w,钻石会员,来自京东iPhone客户端

Apple iPhone 7 Plus 128G 红色特别版 移动联通电信4G手机,3995645,犹豫了好久才下定决心购买，用过之后才来评价,2018-02-16 13:56:12,赵***子,银牌会员,来自微信购物

Apple iPhone 7 Plus 128G 红色特别版 移动联通电信4G手机,3995645,不错，苹果也就这样啦，不过客服不给免息分期，比较死板,2018-02-16 12:13:44,y***3,钻石会员,来自京东iPhone客户端

Apple iPhone 7 Plus 128G 红色特别版 移动联通电信4G手机,3995645,不错，用了一个月才来评价，没问题，想买的大家赶快下手,2018-02-16 05:33:35,曼***贝,钻石会员,来自京东Android客户端

Apple iPhone 7 Plus 128G 红色特别版 移动联通电信4G手机,3995645,很不错，快递辛苦了。、,2018-02-15 18:18:49,j***s,钻石会员,

Apple iPhone 7 Plus 128G 红色特别版 移动联通电信4G手机,3995645,手机没什么问题  颜色不错  就是刚用了一个月总是莫名其妙的就会死机几次，然后自动开机   很无语  像是二手的,2018-02-14 21:56:01,j***u,银牌会员,来自京东Android客户端

Apple iPhone 7 Plus 128G 红色特别版 移动联通电信4G手机,3995645,很满意！物流速度也挺快！,2018-02-13 22:54:04,没***么,钻石会员,

Apple iPhone 7 Plus 128G 红色特别版 移动联通电信4G手机,3995645,很好，完美机型，送货速度很快,2018-02-13 22:42:23,z***0,钻石会员,

Apple iPhone 7 Plus 128G 红色特别版 移动联通电信4G手机,3995645,苹果机器果然顺畅，怎么用都不卡！,2018-02-13 17:59:19,l***q,钻石会员,来自京东Android客户端

Apple iPhone 7 Plus 128G 红色特别版 移动联通电信4G手机,3995645,比较高端 这个价格很物超所值 我很喜欢,2018-02-13 16:06:27,j***z,钻石会员,

Apple iPhone 7 Plus 128G 红色特别版 移动联通电信4G手机,3995645,实用 物超所值 包装精致!太满意了 我很喜欢,2018-02-13 16:01:40,j***p,PLUS会员,

Apple iPhone 7 Plus 128G 红色特别版 移动联通电信4G手机,3995645,看上去真显档次 真是爱不释手啊 大气,2018-02-13 15:57:11,c***3,PLUS会员,

Apple iPhone 7 Plus 128G 红色特别版 移动联通电信4G手机,3995645,非常喜欢 多谢，下次还来啊了我很喜欢,2018-02-13 15:52:57,e***2,钻石会员,

Apple iPhone 7 Plus 128G 红色特别版 移动联通电信4G手机,3995645,看上去真显档次 真是爱不释手啊 大气,2018-02-13 15:48:56,e***5,钻石会员,

Apple iPhone 7 Plus 128G 红色特别版 移动联通电信4G手机,3995645,真是一次愉快地网购啊 我很喜欢,2018-02-13 15:44:19,e***9,钻石会员,

Apple iPhone 7 Plus 128G 红色特别版 移动联通电信4G手机,3995645,比较高端 这个价格很物超所值 我很喜欢,2018-02-13 15:40:14,d***0,钻石会员,

Apple iPhone 7 Plus 128G 红色特别版 移动联通电信4G手机,3995645,高大上的感脚太好了 我很喜欢,2018-02-13 15:36:02,d***2,钻石会员,

Apple iPhone 7 Plus 128G 红色特别版 移动联通电信4G手机,3995645,真是一次愉快地网购啊 我很喜欢,2018-02-13 15:31:14,d***0,钻石会员,

Apple iPhone 7 Plus 128G 红色特别版 移动联通电信4G手机,3995645,外形既时尚又大气  我很喜欢,2018-02-13 15:27:05,b***4,钻石会员,

Apple iPhone 7 Plus 128G 红色特别版 移动联通电信4G手机,3995645,还不错，很实惠，满意,2018-02-12 23:04:29,孔***9,PLUS会员,来自京东Android客户端

Apple iPhone 7 Plus 128G 红色特别版 移动联通电信4G手机,3995645,正品就是了。一直信赖苹果的系统。用习惯了,2018-02-12 20:34:12,m***陌,PLUS会员,来自京东iPhone客户端

Apple iPhone 7 Plus 128G 红色特别版 移动联通电信4G手机,3995645,东西非常不错，下次会再购买，谢谢,2018-02-12 20:03:51,配***0,企业会员,来自京东Android客户端

Apple iPhone 7 Plus 128G 红色特别版 移动联通电信4G手机,3995645,整体感受还是很不错的，网速也比较快，电池很耐用,2018-02-12 14:06:04,女***开,PLUS会员,来自京东iPhone客户端

Apple iPhone 7 Plus 128G 红色特别版 移动联通电信4G手机,3995645,此用户未及时评价，系统默认好评。,2018-02-12 09:19:23,Z***H,PLUS会员,来自京东Android客户端

Apple iPhone 7 Plus 128G 红色特别版 移动联通电信4G手机,3995645,再一次购买，非常好。,2018-02-11 23:02:31,l***1,PLUS会员,来自京东iPhone客户端

Apple iPhone 7 Plus 128G 红色特别版 移动联通电信4G手机,3995645,手机运行流畅，拍照效果很不错，送货很快，性价比高，很满意！,2018-02-11 22:17:55,正***走,钻石会员,来自京东Android客户端

Apple iPhone 7 Plus 128G 红色特别版 移动联通电信4G手机,3995645,"真垃圾 不是一般的垃圾，6288买的。我以为京东自营是没问题的，看了7p有这么多差评，我还依然相信京东不会有问题，结果居然真邪门，一月24。25。买的现在才2月11。中间微信上发不出语音，发出的语音就是滋滋声，噪音严重，问客服 跟问**一样，一说就是线下维修，**都要过年了，都放假了你跟我说这，真几把垃圾，我用京东买东西这么久，没想过会栽在一个苹果机上，我k
 送俺**，现在我一脸愧疚，老太太还说这么贵的手机怎么还会出问题，还是新机，我真是**了 ，** 真鸡吧**！",2018-02-11 20:21:25,j***儿,金牌会员,来自京东iPhone客户端

Apple iPhone 7 Plus 128G 红色特别版 移动联通电信4G手机,3995645,掌柜的服务态度很好，发货迅速，物流给力。宝贝质量好，用得很满意，可以信赖的好店家，下次还来光顾，谢谢掌柜！,2018-02-11 16:16:45,张***人,钻石会员,来自京东Android客户端

Apple iPhone 7 Plus 128G 红色特别版 移动联通电信4G手机,3995645,拍照很清晰，反应很快，质量很好，送货速度也快，满意！,2018-02-11 14:38:30,雷***n,PLUS会员,来自京东Android客户端

Apple iPhone 7 Plus 128G 红色特别版 移动联通电信4G手机,3995645,女朋友一直有在用，目前还行,2018-02-11 13:34:24,灵***北,钻石会员,来自京东Android客户端

Apple iPhone 7 Plus 128G 红色特别版 移动联通电信4G手机,3995645,京东购物，价格实惠，送货快速，服务周到，东西也很不错，每一次都可以买到称心如意的商品，购物无忧，必须全五分！,2018-02-11 12:30:02,复***化,钻石会员,

Apple iPhone 7 Plus 128G 红色特别版 移动联通电信4G手机,3995645,京东购物，价格实惠，送货快速，服务周到，东西也很不错，每一次都可以买到称心如意的商品，购物无忧，必须全五分！,2018-02-11 12:27:24,完***芊,钻石会员,

Apple iPhone 7 Plus 128G 红色特别版 移动联通电信4G手机,3995645,爽！爽！爽。购物就上京东自营，爽爽爽！曹爽的爽！,2018-02-11 08:14:34,j***c,PLUS会员,来自京东Android客户端

Apple iPhone 7 Plus 128G 红色特别版 移动联通电信4G手机,3995645,手机质量不错，快递给力，在京东购物很方便,2018-02-10 23:56:12,枚***菲,PLUS会员,

Apple iPhone 7 Plus 128G 红色特别版 移动联通电信4G手机,3995645,外观很亮眼，本命年买一个，非常值得入手,2018-02-10 23:30:33,j***3,钻石会员,来自京东iPhone客户端

Apple iPhone 7 Plus 128G 红色特别版 移动联通电信4G手机,3995645,电池不耐用，其它还行,2018-02-10 22:33:33,泡***夏,PLUS会员,来自京东iPhone客户端

Apple iPhone 7 Plus 128G 红色特别版 移动联通电信4G手机,3995645,非常感谢京东商城给予的优质的服务，从仓储管理、物流配送等各方面都是做的非常好的。送货及时，配送员也非常的热情，有时候不方便收件的时候，也安排时间另行配送。同时京东商城在售后管理上也非常好的，以解客户忧患，排除万难。给予我们非常好的购物体验。,2018-02-10 21:37:11,v***8,PLUS会员,

Apple iPhone 7 Plus 128G 红色特别版 移动联通电信4G手机,3995645,贵啊,2018-02-10 20:10:16,心***结,钻石会员,来自京东Android客户端

Apple iPhone 7 Plus 128G 红色特别版 移动联通电信4G手机,3995645,"不错
不过没赶上春节优惠，还是买了，是正品",2018-02-10 18:20:27,j***丫,钻石会员,来自京东iPhone客户端

Apple iPhone 7 Plus 128G 红色特别版 移动联通电信4G手机,3995645,很有质感，运行流畅，就是太贵,2018-02-10 14:33:08,v***s,钻石会员,来自京东Android客户端

Apple iPhone 7 Plus 128G 红色特别版 移动联通电信4G手机,3995645,京东购物体验就是好，发货快，售后服务好！,2018-02-10 13:06:48,j***4,钻石会员,

Apple iPhone 7 Plus 128G 红色特别版 移动联通电信4G手机,3995645,很顺畅，很好！一直都很信任京东,2018-02-10 11:21:49,j***9,金牌会员,来自京东iPhone客户端

Apple iPhone 7 Plus 128G 红色特别版 移动联通电信4G手机,3995645,方便，快捷，支持京东，加油！,2018-02-10 10:52:13,j***9,钻石会员,来自京东Android客户端

Apple iPhone 7 Plus 128G 红色特别版 移动联通电信4G手机,3995645,很喜欢这个大红色，帮妹妹买的，她很喜欢！一直都是在京东自营店买电子产品，包括电器！,2018-02-10 09:29:22,祥***菁,金牌会员,来自京东iPhone客户端

Apple iPhone 7 Plus 128G 红色特别版 移动联通电信4G手机,3995645,宝贝质量不错，同事们都在用这个牌子，物流神速，当天基本到货，总体满意，必须好评。,2018-02-10 05:51:00,荣***6,钻石会员,来自京东Android客户端

Apple iPhone 7 Plus 128G 红色特别版 移动联通电信4G手机,3995645,很漂亮的红苹果,2018-02-10 01:50:06,刘***柏,PLUS会员,来自京东Android客户端

Apple iPhone 7 Plus 128G 红色特别版 移动联通电信4G手机,3995645,好,2018-02-09 22:49:36,L***g,钻石会员,来自京东iPhone客户端

Apple iPhone 7 Plus 128G 红色特别版 移动联通电信4G手机,3995645,还不行吧，颜色我也习惯，暂时没发现有什么问题,2018-02-09 20:45:54,w***4,金牌会员,来自京东Android客户端

Apple iPhone 7 Plus 128G 红色特别版 移动联通电信4G手机,3995645,操作流畅性：很好 也很快 很强 特棒 操作流畅， 收到货试用了一下，系统运行很流畅，应用程序响应速度也很快，真的很不错，就是图便宜才来买的。苹果的系统用习惯了。,2018-02-09 20:35:53,j***泊,PLUS会员,来自京东Android客户端

Apple iPhone 7 Plus 128G 红色特别版 移动联通电信4G手机,3995645,很好  会继续购买？！！！！,2018-02-09 20:28:54,j***o,PLUS会员,来自京东Android客户端

Apple iPhone 7 Plus 128G 红色特别版 移动联通电信4G手机,3995645,用了一点时间才来评价，是正品，红色绝版货，老婆喜欢就好,2018-02-09 15:07:17,老***3,PLUS会员,

Apple iPhone 7 Plus 128G 红色特别版 移动联通电信4G手机,3995645,怎么说呢，一直以来最信任京东的电子产品。虽然偶有谣言，但是我从来没碰见过！非常满意的一次购物！,2018-02-09 13:44:21,尕***亓,PLUS会员,来自京东Android客户端

Apple iPhone 7 Plus 128G 红色特别版 移动联通电信4G手机,3995645,正品，已验证，信赖京东,2018-02-09 10:50:15,j***v,金牌会员,来自京东iPhone客户端

Apple iPhone 7 Plus 128G 红色特别版 移动联通电信4G手机,3995645,苹果不用说了,2018-02-09 10:35:26,j***u,钻石会员,来自京东iPhone客户端

Apple iPhone 7 Plus 128G 红色特别版 移动联通电信4G手机,3995645,质量挺好的，用了几天没有出问题,2018-02-09 09:10:07,5***滨,钻石会员,来自京东iPhone客户端

Apple iPhone 7 Plus 128G 红色特别版 移动联通电信4G手机,3995645,宝贝质量不错，同事们都在用这个牌子，物流神速，当天基本到货，总体满意，必须好评。,2018-02-09 07:17:15,不***3,钻石会员,来自京东Android客户端

Apple iPhone 7 Plus 128G 红色特别版 移动联通电信4G手机,3995645,很喜庆的颜色，不错，屏幕灵活，分辨率很高,2018-02-08 20:13:32,j***2,钻石会员,来自京东Android客户端

Apple iPhone 7 Plus 128G 红色特别版 移动联通电信4G手机,3995645,很好，不错，运转很快，拍照清晰，值得拥有，,2018-02-08 18:14:23,K***1,钻石会员,来自京东iPhone客户端

Apple iPhone 7 Plus 128G 红色特别版 移动联通电信4G手机,3995645,活动时候入的，性价比高，好评,2018-02-08 16:41:49,1***a,钻石会员,来自京东Android客户端

Apple iPhone 7 Plus 128G 红色特别版 移动联通电信4G手机,3995645,好评,2018-02-08 15:07:51,我***热,金牌会员,来自京东iPhone客户端

Apple iPhone 7 Plus 128G 红色特别版 移动联通电信4G手机,3995645,什么玩意,2018-02-08 12:06:58,仔***h,金牌会员,来自京东iPhone客户端

Apple iPhone 7 Plus 128G 红色特别版 移动联通电信4G手机,3995645,质量有保证，送货及时，购买方便。,2018-02-08 09:47:21,沙***1,钻石会员,来自京东Android客户端

Apple iPhone 7 Plus 128G 红色特别版 移动联通电信4G手机,3995645,送给老婆的情人节礼物，本来在7P与8P之间犹豫了好久，考虑到7与8基本没什么差别，8P的玻璃机身感觉易碎，老婆使用手机本来就很随便，再加上苹果系列产品中，目前只有7P才独有的中国红，这款颜色抢了好久终于把它抢到手了，老婆很是喜欢。价格既然比8P还贵，好吧！谁叫老婆喜欢呢？,2018-02-08 08:42:04,欧***昭,PLUS会员,来自京东Android客户端

Apple iPhone 7 Plus 128G 红色特别版 移动联通电信4G手机,3995645,物品很好，已经用了一段时间了，好品质你值得拥有。,2018-02-07 23:52:08,j***s,PLUS会员,来自京东Android客户端

Apple iPhone 7 Plus 128G 红色特别版 移动联通电信4G手机,3995645,发货快，送货也很快，我很喜欢,2018-02-07 21:54:15,j***u,钻石会员,来自京东Android客户端

Apple iPhone 7 Plus 128G 红色特别版 移动联通电信4G手机,3995645,暂时未见有什么问题,2018-02-07 17:38:39,j***o,金牌会员,来自京东iPhone客户端

Apple iPhone 7 Plus 128G 红色特别版 移动联通电信4G手机,3995645,这个颜色，没谁了，太漂亮，过年送阿姨送老妈，绝配。,2018-02-07 16:44:42,移***9,PLUS会员,

Apple iPhone 7 Plus 128G 红色特别版 移动联通电信4G手机,3995645,正品，发货快，非常满意,2018-02-07 16:32:59,月***3,钻石会员,来自京东Android客户端

Apple iPhone 7 Plus 128G 红色特别版 移动联通电信4G手机,3995645,很好很不错的商品，下次再来！！！！,2018-02-07 15:54:12,冬***9,PLUS会员,来自微信购物

Apple iPhone 7 Plus 128G 红色特别版 移动联通电信4G手机,3995645,很满意这个价格很划算 超给力@！,2018-02-07 15:33:57,j***p,钻石会员,

Apple iPhone 7 Plus 128G 红色特别版 移动联通电信4G手机,3995645,包装太简陋！！！真不如国产的包装好,2018-02-07 15:01:18,j***s,金牌会员,来自京东Android客户端

Apple iPhone 7 Plus 128G 红色特别版 移动联通电信4G手机,3995645,已经用了快两个月了，手机挺好的，相信京东的品质。各方面都不错，选的红色，特别好。,2018-02-07 14:48:41,j***0,金牌会员,来自京东iPhone客户端

Apple iPhone 7 Plus 128G 红色特别版 移动联通电信4G手机,3995645,京东服务就是好，发货快，包装严密，是正品，没有色差，很漂亮，这个价位买到真心不错,2018-02-07 14:32:35,爱***2,钻石会员,来自京东Android客户端

Apple iPhone 7 Plus 128G 红色特别版 移动联通电信4G手机,3995645,续航比7好，然后颜色和想像的有点不一样。不过整体还算满意。,2018-02-07 13:55:59,星***玨,PLUS会员,来自京东iPhone客户端

Apple iPhone 7 Plus 128G 红色特别版 移动联通电信4G手机,3995645,手机是新机，未拆封过，在官网验证是正品，不卡，好用。,2018-02-07 13:43:00,会***仔,PLUS会员,

Apple iPhone 7 Plus 128G 红色特别版 移动联通电信4G手机,3995645,用了这几天了没出现异常，原装未拆封正品。,2018-02-07 13:28:12,j***鸣,钻石会员,

Apple iPhone 7 Plus 128G 红色特别版 移动联通电信4G手机,3995645,查了序列号，显示是正品，很满意,2018-02-07 13:22:44,文***动,PLUS会员,

Apple iPhone 7 Plus 128G 红色特别版 移动联通电信4G手机,3995645,发货速度蛮快的，质量不错，价格实惠，包装仔细满意,2018-02-07 09:54:32,兰***儿,钻石会员,

Apple iPhone 7 Plus 128G 红色特别版 移动联通电信4G手机,3995645,好评,2018-02-07 09:28:04,烟***1,钻石会员,

Apple iPhone 7 Plus 128G 红色特别版 移动联通电信4G手机,3995645,发货速度快，手机性能稳定，价格优惠，非常满意！,2018-02-07 09:22:47,刘***了,PLUS会员,来自手机QQ购物

Apple iPhone 7 Plus 128G 红色特别版 移动联通电信4G手机,3995645,品质有保证，物流速度快，快递态度好，支持京东！约来约好～,2018-02-07 09:20:06,J***J,PLUS会员,来自京东iPhone客户端

Apple iPhone 7 Plus 128G 红色特别版 移动联通电信4G手机,3995645,好，速度快,2018-02-07 08:58:55,j***i,金牌会员,来自京东iPhone客户端

Apple iPhone 7 Plus 128G 红色特别版 移动联通电信4G手机,3995645,好评,2018-02-07 08:37:14,w***2,钻石会员,

Apple iPhone 7 Plus 128G 红色特别版 移动联通电信4G手机,3995645,质量不错，是正品，没有开封。,2018-02-07 07:59:03,w***o,钻石会员,来自京东Android客户端

Apple iPhone 7 Plus 128G 红色特别版 移动联通电信4G手机,3995645,还行吧，是正品。颜色很骚。,2018-02-07 02:22:52,1***s,金牌会员,来自京东Android客户端

Apple iPhone 7 Plus 128G 红色特别版 移动联通电信4G手机,3995645,手机功能齐全，运行流畅，很好用。,2018-02-07 01:16:28,1***2,钻石会员,

Apple iPhone 7 Plus 128G 红色特别版 移动联通电信4G手机,3995645,好,2018-02-06 21:49:48,晗***油,钻石会员,来自京东Android客户端

Apple iPhone 7 Plus 128G 红色特别版 移动联通电信4G手机,3995645,自营店的东西100个放心，老妈用的很开心。,2018-02-06 20:38:28,邻***哥,PLUS会员,来自京东iPhone客户端

Apple iPhone 7 Plus 128G 红色特别版 移动联通电信4G手机,3995645,还行，还行，目前还没发现什么问题,2018-02-06 20:29:38,j***h,PLUS会员,来自京东Android客户端

Apple iPhone 7 Plus 128G 红色特别版 移动联通电信4G手机,3995645,物流给力，产品不错，外观好,2018-02-06 20:25:08,j***1,钻石会员,来自京东Android客户端

Apple iPhone 7 Plus 128G 红色特别版 移动联通电信4G手机,3995645,给妈咪买的用的，现在还没有什么问题，红色真是非常好看呢,2018-02-06 19:54:31,小***无,PLUS会员,来自京东iPhone客户端

Apple iPhone 7 Plus 128G 红色特别版 移动联通电信4G手机,3995645,给会员朋友购买的礼品，好评。快递速度快！有保障。,2018-02-06 18:44:12,实***趣,PLUS会员,来自京东Android客户端

Apple iPhone 7 Plus 128G 红色特别版 移动联通电信4G手机,3995645,服务蛮好的，京东总是这么贴心，质量很不错，很赞。,2018-02-06 17:04:26,9***3,钻石会员,来自京东Android客户端

Apple iPhone 7 Plus 128G 红色特别版 移动联通电信4G手机,3995645,发货快，做工不错，运行速度快，满意,2018-02-06 16:58:40,j***m,钻石会员,

Apple iPhone 7 Plus 128G 红色特别版 移动联通电信4G手机,3995645,话说比去年便宜多啦，机智如我，终于找到烟台地区有库存的,2018-02-06 16:34:17,p***0,PLUS会员,

Apple iPhone 7 Plus 128G 红色特别版 移动联通电信4G手机,3995645,嗯,2018-02-06 16:23:03,j***e,银牌会员,来自京东iPhone客户端

Apple iPhone 7 Plus 128G 红色特别版 移动联通电信4G手机,3995645,发货快，东西不错，是正品的，价格实惠，挺满意,2018-02-06 14:16:44,那***蓝,钻石会员,

Apple iPhone 7 Plus 128G 红色特别版 移动联通电信4G手机,3995645,商品送货无敌慢，居然送了5天，这还是京东吗？在京东买手机不就是图他快吗,2018-02-06 13:39:00,3***m,钻石会员,来自京东iPhone客户端

Apple iPhone 7 Plus 128G 红色特别版 移动联通电信4G手机,3995645,满意。就是⑥，,2018-02-06 12:15:56,j***4,PLUS会员,来自京东Android客户端

Apple iPhone 7 Plus 128G 红色特别版 移动联通电信4G手机,3995645,京东服务就是好，发货快，内存大，很漂亮，做工精细,2018-02-06 12:14:30,我***2,钻石会员,来自京东Android客户端

Apple iPhone 7 Plus 128G 红色特别版 移动联通电信4G手机,3995645,红色很喜欢。。。。。。。。。。。,2018-02-06 12:11:08,j***z,钻石会员,来自京东Android客户端

Apple iPhone 7 Plus 128G 红色特别版 移动联通电信4G手机,3995645,非常好，价格适中，手机很棒，很不错的购物体验,2018-02-06 10:56:23,炮***L,PLUS会员,

Apple iPhone 7 Plus 128G 红色特别版 移动联通电信4G手机,3995645,老婆很喜欢，还给她买了个屏幕膜，7plus性价比高,2018-02-06 10:50:45,l***y,钻石会员,来自京东iPhone客户端

Apple iPhone 7 Plus 128G 红色特别版 移动联通电信4G手机,3995645,五星,2018-02-06 10:12:31,A***x,PLUS会员,来自京东Android客户端

Apple iPhone 7 Plus 128G 红色特别版 移动联通电信4G手机,3995645,老婆很喜欢，红色很正很喜庆,2018-02-06 09:44:19,y***e,PLUS会员,来自京东iPhone客户端

Apple iPhone 7 Plus 128G 红色特别版 移动联通电信4G手机,3995645,此用户未及时评价，系统默认好评。,2018-02-06 09:41:31,龙***哉,PLUS会员,来自京东iPhone客户端

Apple iPhone 7 Plus 128G 红色特别版 移动联通电信4G手机,3995645,操作流畅性：很好 也很快 很强 特棒 操作流畅， 收到货试用了一下，系统运行很流畅，应用程序响应速度也很快，真的很不错，就是图便宜才来买的。苹果的系统用习惯了。价钱又这么合,2018-02-06 08:31:39,蓝***8,钻石会员,来自京东Android客户端

Apple iPhone 7 Plus 128G 红色特别版 移动联通电信4G手机,3995645,不是我的手机，看包装完好，很有分量,2018-02-06 01:04:38,丨***丨,PLUS会员,来自京东Android客户端

Apple iPhone 7 Plus 128G 红色特别版 移动联通电信4G手机,3995645,续航时间挺长的，外观设计挺好颜色相当好看,2018-02-06 00:38:05,现***6,金牌会员,来自京东iPhone客户端

Apple iPhone 7 Plus 128G 红色特别版 移动联通电信4G手机,3995645,值得推荐值得拥有，好的产品就是值得和大家一起分享嘛,2018-02-05 23:19:40,j***i,钻石会员,来自京东Android客户端

Apple iPhone 7 Plus 128G 红色特别版 移动联通电信4G手机,3995645,京东服务就是好，发货快，这个价位买到真心不错，比实体店便宜,2018-02-05 21:37:56,展***4,钻石会员,来自京东Android客户端

Apple iPhone 7 Plus 128G 红色特别版 移动联通电信4G手机,3995645,手机不错，还可以，红色喜庆，送货快，没毛病,2018-02-05 21:22:53,j***9,金牌会员,来自京东Android客户端

Apple iPhone 7 Plus 128G 红色特别版 移动联通电信4G手机,3995645,价格实惠，性价比高，，发货快，还是不错的,2018-02-05 21:12:16,木***悠,钻石会员,来自京东iPhone客户端

Apple iPhone 7 Plus 128G 红色特别版 移动联通电信4G手机,3995645,价格实惠，性价比高，，发货快，还是不错的,2018-02-05 21:07:19,车***0,钻石会员,来自京东iPhone客户端

Apple iPhone 7 Plus 128G 红色特别版 移动联通电信4G手机,3995645,很赞，颜色喜欢，大小也合适，速度杠杠的，发货很快满意,2018-02-05 20:58:02,二***枫,钻石会员,来自京东iPhone客户端

Apple iPhone 7 Plus 128G 红色特别版 移动联通电信4G手机,3995645,还不错，买给老公的。他很喜欢。是正品。关注这家店了？,2018-02-05 20:31:00,1***p,金牌会员,来自京东iPhone客户端

Apple iPhone 7 Plus 128G 红色特别版 移动联通电信4G手机,3995645,外国货，第一次买，最后一次用！希望以后不要打脸！,2018-02-05 19:43:14,我***7,PLUS会员,来自京东iPhone客户端

Apple iPhone 7 Plus 128G 红色特别版 移动联通电信4G手机,3995645,"为了刷白京东号，只能下裸单,不用券不抢购，大家小心黑号哟！",2018-02-05 18:34:06,j***r,钻石会员,来自京东iPhone客户端

Apple iPhone 7 Plus 128G 红色特别版 移动联通电信4G手机,3995645,好评,2018-02-05 16:48:15,妈***8,钻石会员,

Apple iPhone 7 Plus 128G 红色特别版 移动联通电信4G手机,3995645,款式漂亮，性价比高,2018-02-05 16:03:55,j***a,PLUS会员,来自京东Android客户端

Apple iPhone 7 Plus 128G 红色特别版 移动联通电信4G手机,3995645,是正品，没有开封，京东快递很快,2018-02-05 14:44:13,s***e,钻石会员,来自京东Android客户端

Apple iPhone 7 Plus 128G 红色特别版 移动联通电信4G手机,3995645,很不错的限量版大红很喜欢，绝对正品，一直相信京东自营，绝对放心靠谱安全可靠，128g更是没毛病，一直用的苹果绝对的太棒了！！！！！,2018-02-05 13:57:22,j***n,金牌会员,来自京东iPhone客户端

Apple iPhone 7 Plus 128G 红色特别版 移动联通电信4G手机,3995645,很不错?好用！正品,2018-02-05 13:51:06,爱***6,金牌会员,来自京东iPhone客户端

Apple iPhone 7 Plus 128G 红色特别版 移动联通电信4G手机,3995645,红色好看，快递给力，赞一个。,2018-02-05 12:58:55,P***h,企业会员,

Apple iPhone 7 Plus 128G 红色特别版 移动联通电信4G手机,3995645,"不错喜欢,过年就想买它,拍照也漂亮,嘻嘻嘻嘻&hellip;&hellip;&hellip;&hellip;",2018-02-05 12:34:10,雁***子,钻石会员,来自微信购物

Apple iPhone 7 Plus 128G 红色特别版 移动联通电信4G手机,3995645,就是耳机有点问题,2018-02-05 10:25:36,广清子了,金牌会员,来自微信购物

Apple iPhone 7 Plus 128G 红色特别版 移动联通电信4G手机,3995645,质量不错，没有开封，快递很快,2018-02-05 10:20:16,j***c,钻石会员,来自京东Android客户端

Apple iPhone 7 Plus 128G 红色特别版 移动联通电信4G手机,3995645,发货速度快，很满意，京东服务好！,2018-02-05 08:23:08,卫***月,钻石会员,来自京东Android客户端

Apple iPhone 7 Plus 128G 红色特别版 移动联通电信4G手机,3995645,手机性能稳定，价格也实惠红色很吉祥非常满意！！！！！！,2018-02-05 00:58:45,l***衣,钻石会员,来自京东Android客户端

Apple iPhone 7 Plus 128G 红色特别版 移动联通电信4G手机,3995645,老妈喜欢的红色，还亏了朋友帮忙才买到，不容易。,2018-02-04 22:42:58,火***凤,PLUS会员,来自京东Android客户端

Apple iPhone 7 Plus 128G 红色特别版 移动联通电信4G手机,3995645,一次很不愉快的网购，差评，差评差评，手机刚用一个月打电话就不显示接电话界面，打电话也有的时候打不出去，唉，退也退不了，换也换不了，唉,2018-02-04 22:34:56,jd_132612ecn,PLUS会员,来自京东Android客户端

Apple iPhone 7 Plus 128G 红色特别版 移动联通电信4G手机,3995645,宝贝质量不错，同事们都在用这个牌子，物流神速，当天基本到货，总体满意，必须好评。,2018-02-04 21:35:54,j***i,钻石会员,来自京东Android客户端

Apple iPhone 7 Plus 128G 红色特别版 移动联通电信4G手机,3995645,苹果还是那么好用，给媳妇买的。,2018-02-04 21:08:01,t***x,PLUS会员,来自京东iPhone客户端

Apple iPhone 7 Plus 128G 红色特别版 移动联通电信4G手机,3995645,很好很好非常好,2018-02-04 21:06:38,y***2,PLUS会员,来自京东Android客户端

Apple iPhone 7 Plus 128G 红色特别版 移动联通电信4G手机,3995645,很好非常好，我很喜欢,2018-02-04 20:57:05,j***j,PLUS会员,来自京东Android客户端

Apple iPhone 7 Plus 128G 红色特别版 移动联通电信4G手机,3995645,好看，打开看了，没有什么问题，特别好，媳妇也很喜欢,2018-02-04 20:45:13,1***5,钻石会员,来自京东iPhone客户端

Apple iPhone 7 Plus 128G 红色特别版 移动联通电信4G手机,3995645,是正品，没有开封，快递速度超快。,2018-02-04 20:31:06,h***0,钻石会员,来自京东Android客户端

Apple iPhone 7 Plus 128G 红色特别版 移动联通电信4G手机,3995645,用了一段时间了，京东商城买电器就是这么放心，手机是正品没激活，快递又快，还带发票，非常满意,2018-02-04 20:24:58,j***科,钻石会员,来自京东iPhone客户端

Apple iPhone 7 Plus 128G 红色特别版 移动联通电信4G手机,3995645,给老婆最后的礼物，很喜欢。,2018-02-04 19:56:51,万***夫,金牌会员,来自京东Android客户端

Apple iPhone 7 Plus 128G 红色特别版 移动联通电信4G手机,3995645,很漂亮的，用着也很好，很不错的,2018-02-04 19:35:32,小***深,钻石会员,来自京东Android客户端

Apple iPhone 7 Plus 128G 红色特别版 移动联通电信4G手机,3995645,挺好的，给媳妇买的。,2018-02-04 19:33:19,空***了,PLUS会员,来自京东Android客户端

Apple iPhone 7 Plus 128G 红色特别版 移动联通电信4G手机,3995645,吉祥如意的大红色，喜庆。,2018-02-04 19:31:00,5***宁,钻石会员,

Apple iPhone 7 Plus 128G 红色特别版 移动联通电信4G手机,3995645,非常不错的手机，价格高有高的好处，手机不用重启都不卡顿,2018-02-04 18:41:06,牵***啊,PLUS会员,来自京东iPhone客户端

